algorithm,data_size_bytes,experiment_type,trial_number,bit_position,input_total_bits,ciphertext_changed_bits,ciphertext_total_bits,ciphertext_change_percent,tag_changed_bits,tag_total_bits,tag_change_percent
Ascon-AEAD128,1024,plaintext_bit_flip,1,0,8192,4000,8192,48.828125,67,128,52.34375
Ascon-AEAD128,1024,plaintext_bit_flip,2,256,8192,3899,8192,47.59521484375,60,128,46.875
Ascon-AEAD128,1024,plaintext_bit_flip,3,512,8192,3777,8192,46.10595703125,53,128,41.40625
Ascon-AEAD128,1024,plaintext_bit_flip,4,768,8192,3638,8192,44.4091796875,60,128,46.875
Ascon-AEAD128,1024,plaintext_bit_flip,5,1024,8192,3621,8192,44.20166015625,58,128,45.3125
Ascon-AEAD128,1024,plaintext_bit_flip,6,1280,8192,3362,8192,41.0400390625,67,128,52.34375
Ascon-AEAD128,1024,plaintext_bit_flip,7,1536,8192,3277,8192,40.00244140625,69,128,53.90625
Ascon-AEAD128,1024,plaintext_bit_flip,8,1792,8192,3170,8192,38.6962890625,61,128,47.65625
Ascon-AEAD128,1024,plaintext_bit_flip,9,2048,8192,3054,8192,37.2802734375,59,128,46.09375
Ascon-AEAD128,1024,plaintext_bit_flip,10,2304,8192,2917,8192,35.60791015625,72,128,56.25
Ascon-AEAD128,1024,plaintext_bit_flip,11,2560,8192,2779,8192,33.92333984375,64,128,50.0
Ascon-AEAD128,1024,plaintext_bit_flip,12,2816,8192,2616,8192,31.93359375,72,128,56.25
Ascon-AEAD128,1024,plaintext_bit_flip,13,3072,8192,2524,8192,30.810546875,61,128,47.65625
Ascon-AEAD128,1024,plaintext_bit_flip,14,3328,8192,2363,8192,28.84521484375,66,128,51.5625
Ascon-AEAD128,1024,plaintext_bit_flip,15,3584,8192,2230,8192,27.2216796875,66,128,51.5625
Ascon-AEAD128,1024,plaintext_bit_flip,16,3840,8192,2116,8192,25.830078125,57,128,44.53125
Ascon-AEAD128,1024,plaintext_bit_flip,17,4096,8192,2014,8192,24.5849609375,68,128,53.125
Ascon-AEAD128,1024,plaintext_bit_flip,18,4352,8192,1856,8192,22.65625,68,128,53.125
Ascon-AEAD128,1024,plaintext_bit_flip,19,4608,8192,1734,8192,21.1669921875,65,128,50.78125
Ascon-AEAD128,1024,plaintext_bit_flip,20,4864,8192,1631,8192,19.90966796875,59,128,46.09375
Ascon-AEAD128,1024,plaintext_bit_flip,21,5120,8192,1485,8192,18.12744140625,68,128,53.125
Ascon-AEAD128,1024,plaintext_bit_flip,22,5376,8192,1336,8192,16.30859375,62,128,48.4375
Ascon-AEAD128,1024,plaintext_bit_flip,23,5632,8192,1237,8192,15.10009765625,62,128,48.4375
Ascon-AEAD128,1024,plaintext_bit_flip,24,5888,8192,1107,8192,13.51318359375,56,128,43.75
Ascon-AEAD128,1024,plaintext_bit_flip,25,6144,8192,967,8192,11.80419921875,59,128,46.09375
Ascon-AEAD128,1024,plaintext_bit_flip,26,6400,8192,821,8192,10.02197265625,63,128,49.21875
Ascon-AEAD128,1024,plaintext_bit_flip,27,6656,8192,681,8192,8.31298828125,67,128,52.34375
Ascon-AEAD128,1024,plaintext_bit_flip,28,6912,8192,588,8192,7.177734375,64,128,50.0
Ascon-AEAD128,1024,plaintext_bit_flip,29,7168,8192,408,8192,4.98046875,61,128,47.65625
Ascon-AEAD128,1024,plaintext_bit_flip,30,7424,8192,326,8192,3.9794921875,66,128,51.5625
Ascon-AEAD128,1024,plaintext_bit_flip,31,7680,8192,180,8192,2.197265625,60,128,46.875
Ascon-AEAD128,1024,plaintext_bit_flip,32,7936,8192,65,8192,0.79345703125,64,128,50.0
Ascon-AEAD128,1024,key_bit_flip,1,0,128,4089,8192,49.91455078125,64,128,50.0
Ascon-AEAD128,1024,key_bit_flip,2,4,128,4091,8192,49.93896484375,70,128,54.6875
Ascon-AEAD128,1024,key_bit_flip,3,8,128,4080,8192,49.8046875,60,128,46.875
Ascon-AEAD128,1024,key_bit_flip,4,12,128,4047,8192,49.40185546875,64,128,50.0
Ascon-AEAD128,1024,key_bit_flip,5,16,128,4064,8192,49.609375,65,128,50.78125
Ascon-AEAD128,1024,key_bit_flip,6,20,128,4131,8192,50.42724609375,69,128,53.90625
Ascon-AEAD128,1024,key_bit_flip,7,24,128,4111,8192,50.18310546875,69,128,53.90625
Ascon-AEAD128,1024,key_bit_flip,8,28,128,4089,8192,49.91455078125,66,128,51.5625
Ascon-AEAD128,1024,key_bit_flip,9,32,128,4200,8192,51.26953125,63,128,49.21875
Ascon-AEAD128,1024,key_bit_flip,10,36,128,4100,8192,50.048828125,58,128,45.3125
Ascon-AEAD128,1024,key_bit_flip,11,40,128,3977,8192,48.54736328125,74,128,57.8125
Ascon-AEAD128,1024,key_bit_flip,12,44,128,4073,8192,49.71923828125,64,128,50.0
Ascon-AEAD128,1024,key_bit_flip,13,48,128,4151,8192,50.67138671875,74,128,57.8125
Ascon-AEAD128,1024,key_bit_flip,14,52,128,4091,8192,49.93896484375,57,128,44.53125
Ascon-AEAD128,1024,key_bit_flip,15,56,128,4138,8192,50.5126953125,66,128,51.5625
Ascon-AEAD128,1024,key_bit_flip,16,60,128,4085,8192,49.86572265625,62,128,48.4375
Ascon-AEAD128,1024,key_bit_flip,17,64,128,3965,8192,48.40087890625,67,128,52.34375
Ascon-AEAD128,1024,key_bit_flip,18,68,128,4065,8192,49.62158203125,59,128,46.09375
Ascon-AEAD128,1024,key_bit_flip,19,72,128,4142,8192,50.5615234375,68,128,53.125
Ascon-AEAD128,1024,key_bit_flip,20,76,128,4208,8192,51.3671875,63,128,49.21875
Ascon-AEAD128,1024,key_bit_flip,21,80,128,4081,8192,49.81689453125,70,128,54.6875
Ascon-AEAD128,1024,key_bit_flip,22,84,128,4049,8192,49.42626953125,70,128,54.6875
Ascon-AEAD128,1024,key_bit_flip,23,88,128,4133,8192,50.45166015625,69,128,53.90625
Ascon-AEAD128,1024,key_bit_flip,24,92,128,4129,8192,50.40283203125,63,128,49.21875
Ascon-AEAD128,1024,key_bit_flip,25,96,128,4107,8192,50.13427734375,58,128,45.3125
Ascon-AEAD128,1024,key_bit_flip,26,100,128,4118,8192,50.2685546875,67,128,52.34375
Ascon-AEAD128,1024,key_bit_flip,27,104,128,4072,8192,49.70703125,71,128,55.46875
Ascon-AEAD128,1024,key_bit_flip,28,108,128,4112,8192,50.1953125,61,128,47.65625
Ascon-AEAD128,1024,key_bit_flip,29,112,128,4209,8192,51.37939453125,69,128,53.90625
Ascon-AEAD128,1024,key_bit_flip,30,116,128,4105,8192,50.10986328125,70,128,54.6875
Ascon-AEAD128,1024,key_bit_flip,31,120,128,4108,8192,50.146484375,58,128,45.3125
Ascon-AEAD128,1024,key_bit_flip,32,124,128,4044,8192,49.365234375,60,128,46.875
Ascon-AEAD128,4096,plaintext_bit_flip,1,0,32768,16450,32768,50.201416015625,68,128,53.125
Ascon-AEAD128,4096,plaintext_bit_flip,2,1024,32768,15883,32768,48.4710693359375,68,128,53.125
Ascon-AEAD128,4096,plaintext_bit_flip,3,2048,32768,15336,32768,46.8017578125,65,128,50.78125
Ascon-AEAD128,4096,plaintext_bit_flip,4,3072,32768,14870,32768,45.379638671875,66,128,51.5625
Ascon-AEAD128,4096,plaintext_bit_flip,5,4096,32768,14262,32768,43.524169921875,69,128,53.90625
Ascon-AEAD128,4096,plaintext_bit_flip,6,5120,32768,13772,32768,42.02880859375,74,128,57.8125
Ascon-AEAD128,4096,plaintext_bit_flip,7,6144,32768,13338,32768,40.704345703125,65,128,50.78125
Ascon-AEAD128,4096,plaintext_bit_flip,8,7168,32768,12598,32768,38.446044921875,62,128,48.4375
Ascon-AEAD128,4096,plaintext_bit_flip,9,8192,32768,12348,32768,37.68310546875,62,128,48.4375
Ascon-AEAD128,4096,plaintext_bit_flip,10,9216,32768,11821,32768,36.0748291015625,60,128,46.875
Ascon-AEAD128,4096,plaintext_bit_flip,11,10240,32768,11111,32768,33.9080810546875,62,128,48.4375
Ascon-AEAD128,4096,plaintext_bit_flip,12,11264,32768,10774,32768,32.879638671875,78,128,60.9375
Ascon-AEAD128,4096,plaintext_bit_flip,13,12288,32768,10260,32768,31.31103515625,57,128,44.53125
Ascon-AEAD128,4096,plaintext_bit_flip,14,13312,32768,9710,32768,29.632568359375,60,128,46.875
Ascon-AEAD128,4096,plaintext_bit_flip,15,14336,32768,9134,32768,27.874755859375,69,128,53.90625
Ascon-AEAD128,4096,plaintext_bit_flip,16,15360,32768,8647,32768,26.3885498046875,60,128,46.875
Ascon-AEAD128,4096,plaintext_bit_flip,17,16384,32768,8137,32768,24.8321533203125,69,128,53.90625
Ascon-AEAD128,4096,plaintext_bit_flip,18,17408,32768,7762,32768,23.687744140625,61,128,47.65625
Ascon-AEAD128,4096,plaintext_bit_flip,19,18432,32768,7100,32768,21.66748046875,61,128,47.65625
Ascon-AEAD128,4096,plaintext_bit_flip,20,19456,32768,6575,32768,20.0653076171875,67,128,52.34375
Ascon-AEAD128,4096,plaintext_bit_flip,21,20480,32768,6061,32768,18.4967041015625,63,128,49.21875
Ascon-AEAD128,4096,plaintext_bit_flip,22,21504,32768,5499,32768,16.7816162109375,76,128,59.375
Ascon-AEAD128,4096,plaintext_bit_flip,23,22528,32768,5044,32768,15.39306640625,60,128,46.875
Ascon-AEAD128,4096,plaintext_bit_flip,24,23552,32768,4578,32768,13.970947265625,70,128,54.6875
Ascon-AEAD128,4096,plaintext_bit_flip,25,24576,32768,4003,32768,12.2161865234375,68,128,53.125
Ascon-AEAD128,4096,plaintext_bit_flip,26,25600,32768,3571,32768,10.8978271484375,63,128,49.21875
Ascon-AEAD128,4096,plaintext_bit_flip,27,26624,32768,2986,32768,9.112548828125,67,128,52.34375
Ascon-AEAD128,4096,plaintext_bit_flip,28,27648,32768,2572,32768,7.84912109375,65,128,50.78125
Ascon-AEAD128,4096,plaintext_bit_flip,29,28672,32768,1949,32768,5.9478759765625,71,128,55.46875
Ascon-AEAD128,4096,plaintext_bit_flip,30,29696,32768,1489,32768,4.5440673828125,64,128,50.0
Ascon-AEAD128,4096,plaintext_bit_flip,31,30720,32768,983,32768,2.9998779296875,63,128,49.21875
Ascon-AEAD128,4096,plaintext_bit_flip,32,31744,32768,433,32768,1.3214111328125,68,128,53.125
Ascon-AEAD128,4096,key_bit_flip,1,0,128,16367,32768,49.9481201171875,69,128,53.90625
Ascon-AEAD128,4096,key_bit_flip,2,4,128,16432,32768,50.146484375,65,128,50.78125
Ascon-AEAD128,4096,key_bit_flip,3,8,128,16401,32768,50.0518798828125,65,128,50.78125
Ascon-AEAD128,4096,key_bit_flip,4,12,128,16385,32768,50.0030517578125,62,128,48.4375
Ascon-AEAD128,4096,key_bit_flip,5,16,128,16516,32768,50.40283203125,71,128,55.46875
Ascon-AEAD128,4096,key_bit_flip,6,20,128,16536,32768,50.4638671875,65,128,50.78125
Ascon-AEAD128,4096,key_bit_flip,7,24,128,16278,32768,49.676513671875,64,128,50.0
Ascon-AEAD128,4096,key_bit_flip,8,28,128,16338,32768,49.859619140625,59,128,46.09375
Ascon-AEAD128,4096,key_bit_flip,9,32,128,16462,32768,50.238037109375,71,128,55.46875
Ascon-AEAD128,4096,key_bit_flip,10,36,128,16494,32768,50.335693359375,58,128,45.3125
Ascon-AEAD128,4096,key_bit_flip,11,40,128,16301,32768,49.7467041015625,67,128,52.34375
Ascon-AEAD128,4096,key_bit_flip,12,44,128,16412,32768,50.08544921875,70,128,54.6875
Ascon-AEAD128,4096,key_bit_flip,13,48,128,16519,32768,50.4119873046875,68,128,53.125
Ascon-AEAD128,4096,key_bit_flip,14,52,128,16390,32768,50.018310546875,72,128,56.25
Ascon-AEAD128,4096,key_bit_flip,15,56,128,16333,32768,49.8443603515625,71,128,55.46875
Ascon-AEAD128,4096,key_bit_flip,16,60,128,16286,32768,49.700927734375,61,128,47.65625
Ascon-AEAD128,4096,key_bit_flip,17,64,128,16286,32768,49.700927734375,78,128,60.9375
Ascon-AEAD128,4096,key_bit_flip,18,68,128,16322,32768,49.810791015625,64,128,50.0
Ascon-AEAD128,4096,key_bit_flip,19,72,128,16567,32768,50.5584716796875,60,128,46.875
Ascon-AEAD128,4096,key_bit_flip,20,76,128,16525,32768,50.4302978515625,63,128,49.21875
Ascon-AEAD128,4096,key_bit_flip,21,80,128,16388,32768,50.01220703125,66,128,51.5625
Ascon-AEAD128,4096,key_bit_flip,22,84,128,16412,32768,50.08544921875,70,128,54.6875
Ascon-AEAD128,4096,key_bit_flip,23,88,128,16511,32768,50.3875732421875,71,128,55.46875
Ascon-AEAD128,4096,key_bit_flip,24,92,128,16552,32768,50.5126953125,61,128,47.65625
Ascon-AEAD128,4096,key_bit_flip,25,96,128,16378,32768,49.981689453125,61,128,47.65625
Ascon-AEAD128,4096,key_bit_flip,26,100,128,16486,32768,50.311279296875,51,128,39.84375
Ascon-AEAD128,4096,key_bit_flip,27,104,128,16350,32768,49.896240234375,69,128,53.90625
Ascon-AEAD128,4096,key_bit_flip,28,108,128,16452,32768,50.20751953125,66,128,51.5625
Ascon-AEAD128,4096,key_bit_flip,29,112,128,16471,32768,50.2655029296875,60,128,46.875
Ascon-AEAD128,4096,key_bit_flip,30,116,128,16471,32768,50.2655029296875,68,128,53.125
Ascon-AEAD128,4096,key_bit_flip,31,120,128,16612,32768,50.69580078125,68,128,53.125
Ascon-AEAD128,4096,key_bit_flip,32,124,128,16362,32768,49.932861328125,69,128,53.90625
Ascon-AEAD128,16384,plaintext_bit_flip,1,0,131072,65630,131072,50.07171630859375,61,128,47.65625
Ascon-AEAD128,16384,plaintext_bit_flip,2,4096,131072,63312,131072,48.30322265625,56,128,43.75
Ascon-AEAD128,16384,plaintext_bit_flip,3,8192,131072,61665,131072,47.046661376953125,55,128,42.96875
Ascon-AEAD128,16384,plaintext_bit_flip,4,12288,131072,59545,131072,45.429229736328125,72,128,56.25
Ascon-AEAD128,16384,plaintext_bit_flip,5,16384,131072,57294,131072,43.71185302734375,55,128,42.96875
Ascon-AEAD128,16384,plaintext_bit_flip,6,20480,131072,54992,131072,41.95556640625,61,128,47.65625
Ascon-AEAD128,16384,plaintext_bit_flip,7,24576,131072,53400,131072,40.740966796875,64,128,50.0
Ascon-AEAD128,16384,plaintext_bit_flip,8,28672,131072,51244,131072,39.0960693359375,62,128,48.4375
Ascon-AEAD128,16384,plaintext_bit_flip,9,32768,131072,49058,131072,37.42828369140625,62,128,48.4375
Ascon-AEAD128,16384,plaintext_bit_flip,10,36864,131072,47119,131072,35.948944091796875,56,128,43.75
Ascon-AEAD128,16384,plaintext_bit_flip,11,40960,131072,45438,131072,34.66644287109375,60,128,46.875
Ascon-AEAD128,16384,plaintext_bit_flip,12,45056,131072,42819,131072,32.668304443359375,64,128,50.0
Ascon-AEAD128,16384,plaintext_bit_flip,13,49152,131072,40975,131072,31.261444091796875,61,128,47.65625
Ascon-AEAD128,16384,plaintext_bit_flip,14,53248,131072,38819,131072,29.616546630859375,64,128,50.0
Ascon-AEAD128,16384,plaintext_bit_flip,15,57344,131072,36929,131072,28.174591064453125,64,128,50.0
Ascon-AEAD128,16384,plaintext_bit_flip,16,61440,131072,34854,131072,26.59149169921875,69,128,53.90625
Ascon-AEAD128,16384,plaintext_bit_flip,17,65536,131072,32441,131072,24.750518798828125,62,128,48.4375
Ascon-AEAD128,16384,plaintext_bit_flip,18,69632,131072,30572,131072,23.3245849609375,64,128,50.0
Ascon-AEAD128,16384,plaintext_bit_flip,19,73728,131072,28489,131072,21.735382080078125,58,128,45.3125
Ascon-AEAD128,16384,plaintext_bit_flip,20,77824,131072,26640,131072,20.32470703125,74,128,57.8125
Ascon-AEAD128,16384,plaintext_bit_flip,21,81920,131072,24550,131072,18.73016357421875,59,128,46.09375
Ascon-AEAD128,16384,plaintext_bit_flip,22,86016,131072,22369,131072,17.066192626953125,67,128,52.34375
Ascon-AEAD128,16384,plaintext_bit_flip,23,90112,131072,20338,131072,15.51666259765625,67,128,52.34375
Ascon-AEAD128,16384,plaintext_bit_flip,24,94208,131072,18252,131072,13.9251708984375,58,128,45.3125
Ascon-AEAD128,16384,plaintext_bit_flip,25,98304,131072,16322,131072,12.45269775390625,64,128,50.0
Ascon-AEAD128,16384,plaintext_bit_flip,26,102400,131072,14398,131072,10.98480224609375,66,128,51.5625
Ascon-AEAD128,16384,plaintext_bit_flip,27,106496,131072,12089,131072,9.223175048828125,69,128,53.90625
Ascon-AEAD128,16384,plaintext_bit_flip,28,110592,131072,10135,131072,7.732391357421875,66,128,51.5625
Ascon-AEAD128,16384,plaintext_bit_flip,29,114688,131072,8127,131072,6.200408935546875,71,128,55.46875
Ascon-AEAD128,16384,plaintext_bit_flip,30,118784,131072,6111,131072,4.662322998046875,69,128,53.90625
Ascon-AEAD128,16384,plaintext_bit_flip,31,122880,131072,4105,131072,3.131866455078125,61,128,47.65625
Ascon-AEAD128,16384,plaintext_bit_flip,32,126976,131072,1973,131072,1.505279541015625,56,128,43.75
Ascon-AEAD128,16384,key_bit_flip,1,0,128,65615,131072,50.060272216796875,64,128,50.0
Ascon-AEAD128,16384,key_bit_flip,2,4,128,65467,131072,49.947357177734375,68,128,53.125
Ascon-AEAD128,16384,key_bit_flip,3,8,128,65836,131072,50.2288818359375,70,128,54.6875
Ascon-AEAD128,16384,key_bit_flip,4,12,128,65533,131072,49.997711181640625,65,128,50.78125
Ascon-AEAD128,16384,key_bit_flip,5,16,128,65292,131072,49.8138427734375,59,128,46.09375
Ascon-AEAD128,16384,key_bit_flip,6,20,128,65865,131072,50.251007080078125,61,128,47.65625
Ascon-AEAD128,16384,key_bit_flip,7,24,128,65431,131072,49.919891357421875,74,128,57.8125
Ascon-AEAD128,16384,key_bit_flip,8,28,128,65349,131072,49.857330322265625,61,128,47.65625
Ascon-AEAD128,16384,key_bit_flip,9,32,128,65492,131072,49.9664306640625,59,128,46.09375
Ascon-AEAD128,16384,key_bit_flip,10,36,128,65726,131072,50.14495849609375,59,128,46.09375
Ascon-AEAD128,16384,key_bit_flip,11,40,128,65468,131072,49.9481201171875,74,128,57.8125
Ascon-AEAD128,16384,key_bit_flip,12,44,128,65612,131072,50.0579833984375,64,128,50.0
Ascon-AEAD128,16384,key_bit_flip,13,48,128,65460,131072,49.9420166015625,68,128,53.125
Ascon-AEAD128,16384,key_bit_flip,14,52,128,65723,131072,50.142669677734375,55,128,42.96875
Ascon-AEAD128,16384,key_bit_flip,15,56,128,65706,131072,50.12969970703125,58,128,45.3125
Ascon-AEAD128,16384,key_bit_flip,16,60,128,65488,131072,49.96337890625,73,128,57.03125
Ascon-AEAD128,16384,key_bit_flip,17,64,128,65472,131072,49.951171875,65,128,50.78125
Ascon-AEAD128,16384,key_bit_flip,18,68,128,65169,131072,49.720001220703125,67,128,52.34375
Ascon-AEAD128,16384,key_bit_flip,19,72,128,66019,131072,50.368499755859375,60,128,46.875
Ascon-AEAD128,16384,key_bit_flip,20,76,128,65797,131072,50.199127197265625,59,128,46.09375
Ascon-AEAD128,16384,key_bit_flip,21,80,128,65544,131072,50.006103515625,61,128,47.65625
Ascon-AEAD128,16384,key_bit_flip,22,84,128,65576,131072,50.030517578125,65,128,50.78125
Ascon-AEAD128,16384,key_bit_flip,23,88,128,65687,131072,50.115203857421875,55,128,42.96875
Ascon-AEAD128,16384,key_bit_flip,24,92,128,65653,131072,50.089263916015625,70,128,54.6875
Ascon-AEAD128,16384,key_bit_flip,25,96,128,65601,131072,50.049591064453125,68,128,53.125
Ascon-AEAD128,16384,key_bit_flip,26,100,128,65784,131072,50.189208984375,64,128,50.0
Ascon-AEAD128,16384,key_bit_flip,27,104,128,65398,131072,49.89471435546875,70,128,54.6875
Ascon-AEAD128,16384,key_bit_flip,28,108,128,65809,131072,50.208282470703125,62,128,48.4375
Ascon-AEAD128,16384,key_bit_flip,29,112,128,65673,131072,50.104522705078125,55,128,42.96875
Ascon-AEAD128,16384,key_bit_flip,30,116,128,65594,131072,50.04425048828125,68,128,53.125
Ascon-AEAD128,16384,key_bit_flip,31,120,128,65661,131072,50.095367431640625,67,128,52.34375
Ascon-AEAD128,16384,key_bit_flip,32,124,128,65479,131072,49.956512451171875,62,128,48.4375
Ascon-AEAD128,65536,plaintext_bit_flip,1,0,524288,261715,524288,49.918174743652344,65,128,50.78125
Ascon-AEAD128,65536,plaintext_bit_flip,2,16384,524288,253534,524288,48.35777282714844,58,128,45.3125
Ascon-AEAD128,65536,plaintext_bit_flip,3,32768,524288,245279,524288,46.78325653076172,56,128,43.75
Ascon-AEAD128,65536,plaintext_bit_flip,4,49152,524288,237707,524288,45.339012145996094,62,128,48.4375
Ascon-AEAD128,65536,plaintext_bit_flip,5,65536,524288,228858,524288,43.65119934082031,66,128,51.5625
Ascon-AEAD128,65536,plaintext_bit_flip,6,81920,524288,221199,524288,42.19036102294922,61,128,47.65625
Ascon-AEAD128,65536,plaintext_bit_flip,7,98304,524288,212804,524288,40.589141845703125,75,128,58.59375
Ascon-AEAD128,65536,plaintext_bit_flip,8,114688,524288,204120,524288,38.93280029296875,62,128,48.4375
Ascon-AEAD128,65536,plaintext_bit_flip,9,131072,524288,196824,524288,37.54119873046875,64,128,50.0
Ascon-AEAD128,65536,plaintext_bit_flip,10,147456,524288,189024,524288,36.053466796875,75,128,58.59375
Ascon-AEAD128,65536,plaintext_bit_flip,11,163840,524288,180873,524288,34.49878692626953,66,128,51.5625
Ascon-AEAD128,65536,plaintext_bit_flip,12,180224,524288,171912,524288,32.78961181640625,65,128,50.78125
Ascon-AEAD128,65536,plaintext_bit_flip,13,196608,524288,163799,524288,31.24217987060547,64,128,50.0
Ascon-AEAD128,65536,plaintext_bit_flip,14,212992,524288,156025,524288,29.75940704345703,65,128,50.78125
Ascon-AEAD128,65536,plaintext_bit_flip,15,229376,524288,147456,524288,28.125,60,128,46.875
Ascon-AEAD128,65536,plaintext_bit_flip,16,245760,524288,139116,524288,26.534271240234375,59,128,46.09375
Ascon-AEAD128,65536,plaintext_bit_flip,17,262144,524288,130892,524288,24.965667724609375,69,128,53.90625
Ascon-AEAD128,65536,plaintext_bit_flip,18,278528,524288,122766,524288,23.415756225585938,58,128,45.3125
Ascon-AEAD128,65536,plaintext_bit_flip,19,294912,524288,114058,524288,21.754837036132812,60,128,46.875
Ascon-AEAD128,65536,plaintext_bit_flip,20,311296,524288,106042,524288,20.225906372070312,69,128,53.90625
Ascon-AEAD128,65536,plaintext_bit_flip,21,327680,524288,98316,524288,18.752288818359375,64,128,50.0
Ascon-AEAD128,65536,plaintext_bit_flip,22,344064,524288,90112,524288,17.1875,66,128,51.5625
Ascon-AEAD128,65536,plaintext_bit_flip,23,360448,524288,82031,524288,15.646171569824219,70,128,54.6875
Ascon-AEAD128,65536,plaintext_bit_flip,24,376832,524288,73798,524288,14.075851440429688,66,128,51.5625
Ascon-AEAD128,65536,plaintext_bit_flip,25,393216,524288,65810,524288,12.552261352539062,69,128,53.90625
Ascon-AEAD128,65536,plaintext_bit_flip,26,409600,524288,57415,524288,10.951042175292969,59,128,46.09375
Ascon-AEAD128,65536,plaintext_bit_flip,27,425984,524288,49227,524288,9.389305114746094,73,128,57.03125
Ascon-AEAD128,65536,plaintext_bit_flip,28,442368,524288,40855,524288,7.792472839355469,67,128,52.34375
Ascon-AEAD128,65536,plaintext_bit_flip,29,458752,524288,32723,524288,6.241416931152344,67,128,52.34375
Ascon-AEAD128,65536,plaintext_bit_flip,30,475136,524288,24617,524288,4.695320129394531,63,128,49.21875
Ascon-AEAD128,65536,plaintext_bit_flip,31,491520,524288,16165,524288,3.0832290649414062,63,128,49.21875
Ascon-AEAD128,65536,plaintext_bit_flip,32,507904,524288,8018,524288,1.5293121337890625,57,128,44.53125
Ascon-AEAD128,65536,key_bit_flip,1,0,128,262113,524288,49.99408721923828,57,128,44.53125
Ascon-AEAD128,65536,key_bit_flip,2,4,128,262036,524288,49.979400634765625,66,128,51.5625
Ascon-AEAD128,65536,key_bit_flip,3,8,128,262457,524288,50.05970001220703,59,128,46.09375
Ascon-AEAD128,65536,key_bit_flip,4,12,128,262006,524288,49.97367858886719,58,128,45.3125
Ascon-AEAD128,65536,key_bit_flip,5,16,128,261680,524288,49.9114990234375,58,128,45.3125
Ascon-AEAD128,65536,key_bit_flip,6,20,128,262197,524288,50.010108947753906,72,128,56.25
Ascon-AEAD128,65536,key_bit_flip,7,24,128,261516,524288,49.880218505859375,83,128,64.84375
Ascon-AEAD128,65536,key_bit_flip,8,28,128,262408,524288,50.05035400390625,69,128,53.90625
Ascon-AEAD128,65536,key_bit_flip,9,32,128,261930,524288,49.95918273925781,71,128,55.46875
Ascon-AEAD128,65536,key_bit_flip,10,36,128,262198,524288,50.01029968261719,65,128,50.78125
Ascon-AEAD128,65536,key_bit_flip,11,40,128,262263,524288,50.02269744873047,68,128,53.125
Ascon-AEAD128,65536,key_bit_flip,12,44,128,262137,524288,49.99866485595703,58,128,45.3125
Ascon-AEAD128,65536,key_bit_flip,13,48,128,261751,524288,49.92504119873047,61,128,47.65625
Ascon-AEAD128,65536,key_bit_flip,14,52,128,262645,524288,50.095558166503906,55,128,42.96875
Ascon-AEAD128,65536,key_bit_flip,15,56,128,262351,524288,50.03948211669922,70,128,54.6875
Ascon-AEAD128,65536,key_bit_flip,16,60,128,262088,524288,49.98931884765625,78,128,60.9375
Ascon-AEAD128,65536,key_bit_flip,17,64,128,262701,524288,50.106239318847656,53,128,41.40625
Ascon-AEAD128,65536,key_bit_flip,18,68,128,261893,524288,49.952125549316406,59,128,46.09375
Ascon-AEAD128,65536,key_bit_flip,19,72,128,262087,524288,49.98912811279297,62,128,48.4375
Ascon-AEAD128,65536,key_bit_flip,20,76,128,262394,524288,50.04768371582031,68,128,53.125
Ascon-AEAD128,65536,key_bit_flip,21,80,128,262528,524288,50.0732421875,68,128,53.125
Ascon-AEAD128,65536,key_bit_flip,22,84,128,262229,524288,50.016212463378906,52,128,40.625
Ascon-AEAD128,65536,key_bit_flip,23,88,128,262200,524288,50.01068115234375,63,128,49.21875
Ascon-AEAD128,65536,key_bit_flip,24,92,128,262070,524288,49.98588562011719,54,128,42.1875
Ascon-AEAD128,65536,key_bit_flip,25,96,128,262064,524288,49.9847412109375,58,128,45.3125
Ascon-AEAD128,65536,key_bit_flip,26,100,128,261747,524288,49.924278259277344,74,128,57.8125
Ascon-AEAD128,65536,key_bit_flip,27,104,128,261886,524288,49.95079040527344,57,128,44.53125
Ascon-AEAD128,65536,key_bit_flip,28,108,128,262619,524288,50.090599060058594,76,128,59.375
Ascon-AEAD128,65536,key_bit_flip,29,112,128,262302,524288,50.03013610839844,68,128,53.125
Ascon-AEAD128,65536,key_bit_flip,30,116,128,262549,524288,50.077247619628906,67,128,52.34375
Ascon-AEAD128,65536,key_bit_flip,31,120,128,261910,524288,49.95536804199219,53,128,41.40625
Ascon-AEAD128,65536,key_bit_flip,32,124,128,262770,524288,50.11940002441406,62,128,48.4375
Ascon-AEAD128,262144,plaintext_bit_flip,1,0,2097152,1047991,2097152,49.97210502624512,56,128,43.75
Ascon-AEAD128,262144,plaintext_bit_flip,2,65536,2097152,1014453,2097152,48.37288856506348,61,128,47.65625
Ascon-AEAD128,262144,plaintext_bit_flip,3,131072,2097152,983393,2097152,46.89183235168457,59,128,46.09375
Ascon-AEAD128,262144,plaintext_bit_flip,4,196608,2097152,950011,2097152,45.3000545501709,68,128,53.125
Ascon-AEAD128,262144,plaintext_bit_flip,5,262144,2097152,917785,2097152,43.76339912414551,63,128,49.21875
Ascon-AEAD128,262144,plaintext_bit_flip,6,327680,2097152,885551,2097152,42.226362228393555,65,128,50.78125
Ascon-AEAD128,262144,plaintext_bit_flip,7,393216,2097152,852295,2097152,40.64059257507324,62,128,48.4375
Ascon-AEAD128,262144,plaintext_bit_flip,8,458752,2097152,818671,2097152,39.037275314331055,77,128,60.15625
Ascon-AEAD128,262144,plaintext_bit_flip,9,524288,2097152,785595,2097152,37.4600887298584,58,128,45.3125
Ascon-AEAD128,262144,plaintext_bit_flip,10,589824,2097152,753451,2097152,35.92734336853027,64,128,50.0
Ascon-AEAD128,262144,plaintext_bit_flip,11,655360,2097152,720744,2097152,34.36775207519531,60,128,46.875
Ascon-AEAD128,262144,plaintext_bit_flip,12,720896,2097152,687157,2097152,32.76619911193848,52,128,40.625
Ascon-AEAD128,262144,plaintext_bit_flip,13,786432,2097152,654117,2097152,31.19072914123535,75,128,58.59375
Ascon-AEAD128,262144,plaintext_bit_flip,14,851968,2097152,622013,2097152,29.65989112854004,70,128,54.6875
Ascon-AEAD128,262144,plaintext_bit_flip,15,917504,2097152,589362,2097152,28.102970123291016,68,128,53.125
Ascon-AEAD128,262144,plaintext_bit_flip,16,983040,2097152,556551,2097152,26.538419723510742,67,128,52.34375
Ascon-AEAD128,262144,plaintext_bit_flip,17,1048576,2097152,525056,2097152,25.03662109375,66,128,51.5625
Ascon-AEAD128,262144,plaintext_bit_flip,18,1114112,2097152,490977,2097152,23.41160774230957,60,128,46.875
Ascon-AEAD128,262144,plaintext_bit_flip,19,1179648,2097152,458947,2097152,21.88429832458496,61,128,47.65625
Ascon-AEAD128,262144,plaintext_bit_flip,20,1245184,2097152,426130,2097152,20.319461822509766,53,128,41.40625
Ascon-AEAD128,262144,plaintext_bit_flip,21,1310720,2097152,393893,2097152,18.78228187561035,65,128,50.78125
Ascon-AEAD128,262144,plaintext_bit_flip,22,1376256,2097152,360468,2097152,17.188453674316406,61,128,47.65625
Ascon-AEAD128,262144,plaintext_bit_flip,23,1441792,2097152,327074,2097152,15.59610366821289,72,128,56.25
Ascon-AEAD128,262144,plaintext_bit_flip,24,1507328,2097152,294226,2097152,14.029788970947266,67,128,52.34375
Ascon-AEAD128,262144,plaintext_bit_flip,25,1572864,2097152,262002,2097152,12.493228912353516,60,128,46.875
Ascon-AEAD128,262144,plaintext_bit_flip,26,1638400,2097152,229448,2097152,10.940933227539062,59,128,46.09375
Ascon-AEAD128,262144,plaintext_bit_flip,27,1703936,2097152,196499,2097152,9.369802474975586,65,128,50.78125
Ascon-AEAD128,262144,plaintext_bit_flip,28,1769472,2097152,163945,2097152,7.817506790161133,65,128,50.78125
Ascon-AEAD128,262144,plaintext_bit_flip,29,1835008,2097152,131226,2097152,6.257343292236328,62,128,48.4375
Ascon-AEAD128,262144,plaintext_bit_flip,30,1900544,2097152,98277,2097152,4.686212539672852,63,128,49.21875
Ascon-AEAD128,262144,plaintext_bit_flip,31,1966080,2097152,65668,2097152,3.1312942504882812,58,128,45.3125
Ascon-AEAD128,262144,plaintext_bit_flip,32,2031616,2097152,32542,2097152,1.5517234802246094,64,128,50.0
Ascon-AEAD128,262144,key_bit_flip,1,0,128,1048956,2097152,50.01811981201172,54,128,42.1875
Ascon-AEAD128,262144,key_bit_flip,2,4,128,1048898,2097152,50.01535415649414,64,128,50.0
Ascon-AEAD128,262144,key_bit_flip,3,8,128,1047984,2097152,49.971771240234375,65,128,50.78125
Ascon-AEAD128,262144,key_bit_flip,4,12,128,1048270,2097152,49.985408782958984,64,128,50.0
Ascon-AEAD128,262144,key_bit_flip,5,16,128,1047641,2097152,49.95541572570801,57,128,44.53125
Ascon-AEAD128,262144,key_bit_flip,6,20,128,1048117,2097152,49.97811317443848,61,128,47.65625
Ascon-AEAD128,262144,key_bit_flip,7,24,128,1048676,2097152,50.00476837158203,56,128,43.75
Ascon-AEAD128,262144,key_bit_flip,8,28,128,1048558,2097152,49.999141693115234,72,128,56.25
Ascon-AEAD128,262144,key_bit_flip,9,32,128,1048154,2097152,49.97987747192383,57,128,44.53125
Ascon-AEAD128,262144,key_bit_flip,10,36,128,1048085,2097152,49.97658729553223,77,128,60.15625
Ascon-AEAD128,262144,key_bit_flip,11,40,128,1049180,2097152,50.02880096435547,54,128,42.1875
Ascon-AEAD128,262144,key_bit_flip,12,44,128,1048883,2097152,50.014638900756836,64,128,50.0
Ascon-AEAD128,262144,key_bit_flip,13,48,128,1047631,2097152,49.954938888549805,63,128,49.21875
Ascon-AEAD128,262144,key_bit_flip,14,52,128,1049494,2097152,50.04377365112305,66,128,51.5625
Ascon-AEAD128,262144,key_bit_flip,15,56,128,1048882,2097152,50.014591217041016,72,128,56.25
Ascon-AEAD128,262144,key_bit_flip,16,60,128,1049138,2097152,50.026798248291016,66,128,51.5625
Ascon-AEAD128,262144,key_bit_flip,17,64,128,1050636,2097152,50.098228454589844,66,128,51.5625
Ascon-AEAD128,262144,key_bit_flip,18,68,128,1049248,2097152,50.03204345703125,62,128,48.4375
Ascon-AEAD128,262144,key_bit_flip,19,72,128,1049492,2097152,50.043678283691406,78,128,60.9375
Ascon-AEAD128,262144,key_bit_flip,20,76,128,1049474,2097152,50.04281997680664,74,128,57.8125
Ascon-AEAD128,262144,key_bit_flip,21,80,128,1049951,2097152,50.06556510925293,56,128,43.75
Ascon-AEAD128,262144,key_bit_flip,22,84,128,1049068,2097152,50.023460388183594,64,128,50.0
Ascon-AEAD128,262144,key_bit_flip,23,88,128,1048981,2097152,50.01931190490723,81,128,63.28125
Ascon-AEAD128,262144,key_bit_flip,24,92,128,1047837,2097152,49.96476173400879,56,128,43.75
Ascon-AEAD128,262144,key_bit_flip,25,96,128,1048516,2097152,49.99713897705078,56,128,43.75
Ascon-AEAD128,262144,key_bit_flip,26,100,128,1047083,2097152,49.92880821228027,68,128,53.125
Ascon-AEAD128,262144,key_bit_flip,27,104,128,1047028,2097152,49.926185607910156,56,128,43.75
Ascon-AEAD128,262144,key_bit_flip,28,108,128,1049337,2097152,50.03628730773926,68,128,53.125
Ascon-AEAD128,262144,key_bit_flip,29,112,128,1048876,2097152,50.014305114746094,68,128,53.125
Ascon-AEAD128,262144,key_bit_flip,30,116,128,1049938,2097152,50.064945220947266,61,128,47.65625
Ascon-AEAD128,262144,key_bit_flip,31,120,128,1048570,2097152,49.99971389770508,62,128,48.4375
Ascon-AEAD128,262144,key_bit_flip,32,124,128,1049058,2097152,50.02298355102539,63,128,49.21875
Ascon-AEAD128,1048576,plaintext_bit_flip,1,0,8388608,4193207,8388608,49.98692274093628,69,128,53.90625
Ascon-AEAD128,1048576,plaintext_bit_flip,2,262144,8388608,4063313,8388608,48.43846559524536,71,128,55.46875
Ascon-AEAD128,1048576,plaintext_bit_flip,3,524288,8388608,3929501,8388608,46.84330224990845,54,128,42.1875
Ascon-AEAD128,1048576,plaintext_bit_flip,4,786432,8388608,3801418,8388608,45.316433906555176,67,128,52.34375
Ascon-AEAD128,1048576,plaintext_bit_flip,5,1048576,8388608,3670560,8388608,43.75648498535156,64,128,50.0
Ascon-AEAD128,1048576,plaintext_bit_flip,6,1310720,8388608,3539970,8388608,42.19973087310791,74,128,57.8125
Ascon-AEAD128,1048576,plaintext_bit_flip,7,1572864,8388608,3406592,8388608,40.6097412109375,61,128,47.65625
Ascon-AEAD128,1048576,plaintext_bit_flip,8,1835008,8388608,3277218,8388608,39.06748294830322,64,128,50.0
Ascon-AEAD128,1048576,plaintext_bit_flip,9,2097152,8388608,3145479,8388608,37.497031688690186,67,128,52.34375
Ascon-AEAD128,1048576,plaintext_bit_flip,10,2359296,8388608,3013461,8388608,35.92325448989868,68,128,53.125
Ascon-AEAD128,1048576,plaintext_bit_flip,11,2621440,8388608,2882724,8388608,34.36474800109863,66,128,51.5625
Ascon-AEAD128,1048576,plaintext_bit_flip,12,2883584,8388608,2753839,8388608,32.82831907272339,58,128,45.3125
Ascon-AEAD128,1048576,plaintext_bit_flip,13,3145728,8388608,2620596,8388608,31.239938735961914,62,128,48.4375
Ascon-AEAD128,1048576,plaintext_bit_flip,14,3407872,8388608,2490860,8388608,29.6933650970459,64,128,50.0
Ascon-AEAD128,1048576,plaintext_bit_flip,15,3670016,8388608,2359624,8388608,28.128910064697266,65,128,50.78125
Ascon-AEAD128,1048576,plaintext_bit_flip,16,3932160,8388608,2228515,8388608,26.565968990325928,58,128,45.3125
Ascon-AEAD128,1048576,plaintext_bit_flip,17,4194304,8388608,2096029,8388608,24.986612796783447,64,128,50.0
Ascon-AEAD128,1048576,plaintext_bit_flip,18,4456448,8388608,1964766,8388608,23.421835899353027,68,128,53.125
Ascon-AEAD128,1048576,plaintext_bit_flip,19,4718592,8388608,1832573,8388608,21.845972537994385,61,128,47.65625
Ascon-AEAD128,1048576,plaintext_bit_flip,20,4980736,8388608,1702800,8388608,20.29895782470703,48,128,37.5
Ascon-AEAD128,1048576,plaintext_bit_flip,21,5242880,8388608,1572711,8388608,18.748176097869873,78,128,60.9375
Ascon-AEAD128,1048576,plaintext_bit_flip,22,5505024,8388608,1441564,8388608,17.184782028198242,52,128,40.625
Ascon-AEAD128,1048576,plaintext_bit_flip,23,5767168,8388608,1310454,8388608,15.62182903289795,68,128,53.125
Ascon-AEAD128,1048576,plaintext_bit_flip,24,6029312,8388608,1178788,8388608,14.052248001098633,61,128,47.65625
Ascon-AEAD128,1048576,plaintext_bit_flip,25,6291456,8388608,1048252,8388608,12.496137619018555,73,128,57.03125
Ascon-AEAD128,1048576,plaintext_bit_flip,26,6553600,8388608,916254,8388608,10.922598838806152,64,128,50.0
Ascon-AEAD128,1048576,plaintext_bit_flip,27,6815744,8388608,786331,8388608,9.373795986175537,63,128,49.21875
Ascon-AEAD128,1048576,plaintext_bit_flip,28,7077888,8388608,655199,8388608,7.810580730438232,65,128,50.78125
Ascon-AEAD128,1048576,plaintext_bit_flip,29,7340032,8388608,523780,8388608,6.24394416809082,59,128,46.09375
Ascon-AEAD128,1048576,plaintext_bit_flip,30,7602176,8388608,393161,8388608,4.686844348907471,70,128,54.6875
Ascon-AEAD128,1048576,plaintext_bit_flip,31,7864320,8388608,261958,8388608,3.1227827072143555,60,128,46.875
Ascon-AEAD128,1048576,plaintext_bit_flip,32,8126464,8388608,130877,8388608,1.5601754188537598,69,128,53.90625
Ascon-AEAD128,1048576,key_bit_flip,1,0,128,4195341,8388608,50.012362003326416,57,128,44.53125
Ascon-AEAD128,1048576,key_bit_flip,2,4,128,4192358,8388608,49.97680187225342,63,128,49.21875
Ascon-AEAD128,1048576,key_bit_flip,3,8,128,4191369,8388608,49.965012073516846,63,128,49.21875
Ascon-AEAD128,1048576,key_bit_flip,4,12,128,4195398,8388608,50.013041496276855,68,128,53.125
Ascon-AEAD128,1048576,key_bit_flip,5,16,128,4195855,8388608,50.018489360809326,66,128,51.5625
Ascon-AEAD128,1048576,key_bit_flip,6,20,128,4192198,8388608,49.974894523620605,67,128,52.34375
Ascon-AEAD128,1048576,key_bit_flip,7,24,128,4194038,8388608,49.99682903289795,71,128,55.46875
Ascon-AEAD128,1048576,key_bit_flip,8,28,128,4194450,8388608,50.00174045562744,64,128,50.0
Ascon-AEAD128,1048576,key_bit_flip,9,32,128,4195608,8388608,50.01554489135742,67,128,52.34375
Ascon-AEAD128,1048576,key_bit_flip,10,36,128,4195093,8388608,50.00940561294556,64,128,50.0
Ascon-AEAD128,1048576,key_bit_flip,11,40,128,4193503,8388608,49.99045133590698,70,128,54.6875
Ascon-AEAD128,1048576,key_bit_flip,12,44,128,4193788,8388608,49.99384880065918,71,128,55.46875
Ascon-AEAD128,1048576,key_bit_flip,13,48,128,4192393,8388608,49.977219104766846,60,128,46.875
Ascon-AEAD128,1048576,key_bit_flip,14,52,128,4196813,8388608,50.02990961074829,65,128,50.78125
Ascon-AEAD128,1048576,key_bit_flip,15,56,128,4194152,8388608,49.99818801879883,66,128,51.5625
Ascon-AEAD128,1048576,key_bit_flip,16,60,128,4194254,8388608,49.999403953552246,64,128,50.0
Ascon-AEAD128,1048576,key_bit_flip,17,64,128,4195312,8388608,50.01201629638672,64,128,50.0
Ascon-AEAD128,1048576,key_bit_flip,18,68,128,4193937,8388608,49.995625019073486,58,128,45.3125
Ascon-AEAD128,1048576,key_bit_flip,19,72,128,4195514,8388608,50.014424324035645,59,128,46.09375
Ascon-AEAD128,1048576,key_bit_flip,20,76,128,4193413,8388608,49.989378452301025,63,128,49.21875
Ascon-AEAD128,1048576,key_bit_flip,21,80,128,4193860,8388608,49.994707107543945,66,128,51.5625
Ascon-AEAD128,1048576,key_bit_flip,22,84,128,4193774,8388608,49.99368190765381,76,128,59.375
Ascon-AEAD128,1048576,key_bit_flip,23,88,128,4195664,8388608,50.016212463378906,61,128,47.65625
Ascon-AEAD128,1048576,key_bit_flip,24,92,128,4192860,8388608,49.98278617858887,54,128,42.1875
Ascon-AEAD128,1048576,key_bit_flip,25,96,128,4195345,8388608,50.012409687042236,60,128,46.875
Ascon-AEAD128,1048576,key_bit_flip,26,100,128,4192203,8388608,49.97495412826538,70,128,54.6875
Ascon-AEAD128,1048576,key_bit_flip,27,104,128,4192108,8388608,49.97382164001465,66,128,51.5625
Ascon-AEAD128,1048576,key_bit_flip,28,108,128,4194865,8388608,50.0066876411438,62,128,48.4375
Ascon-AEAD128,1048576,key_bit_flip,29,112,128,4195176,8388608,50.01039505004883,53,128,41.40625
Ascon-AEAD128,1048576,key_bit_flip,30,116,128,4195670,8388608,50.01628398895264,64,128,50.0
Ascon-AEAD128,1048576,key_bit_flip,31,120,128,4196503,8388608,50.02621412277222,64,128,50.0
Ascon-AEAD128,1048576,key_bit_flip,32,124,128,4195000,8388608,50.008296966552734,61,128,47.65625
AES-GCM,1024,plaintext_bit_flip,1,0,8192,1,8192,0.01220703125,62,128,48.4375
AES-GCM,1024,plaintext_bit_flip,2,256,8192,1,8192,0.01220703125,80,128,62.5
AES-GCM,1024,plaintext_bit_flip,3,512,8192,1,8192,0.01220703125,56,128,43.75
AES-GCM,1024,plaintext_bit_flip,4,768,8192,1,8192,0.01220703125,63,128,49.21875
AES-GCM,1024,plaintext_bit_flip,5,1024,8192,1,8192,0.01220703125,58,128,45.3125
AES-GCM,1024,plaintext_bit_flip,6,1280,8192,1,8192,0.01220703125,63,128,49.21875
AES-GCM,1024,plaintext_bit_flip,7,1536,8192,1,8192,0.01220703125,67,128,52.34375
AES-GCM,1024,plaintext_bit_flip,8,1792,8192,1,8192,0.01220703125,65,128,50.78125
AES-GCM,1024,plaintext_bit_flip,9,2048,8192,1,8192,0.01220703125,67,128,52.34375
AES-GCM,1024,plaintext_bit_flip,10,2304,8192,1,8192,0.01220703125,75,128,58.59375
AES-GCM,1024,plaintext_bit_flip,11,2560,8192,1,8192,0.01220703125,73,128,57.03125
AES-GCM,1024,plaintext_bit_flip,12,2816,8192,1,8192,0.01220703125,57,128,44.53125
AES-GCM,1024,plaintext_bit_flip,13,3072,8192,1,8192,0.01220703125,74,128,57.8125
AES-GCM,1024,plaintext_bit_flip,14,3328,8192,1,8192,0.01220703125,49,128,38.28125
AES-GCM,1024,plaintext_bit_flip,15,3584,8192,1,8192,0.01220703125,68,128,53.125
AES-GCM,1024,plaintext_bit_flip,16,3840,8192,1,8192,0.01220703125,56,128,43.75
AES-GCM,1024,plaintext_bit_flip,17,4096,8192,1,8192,0.01220703125,59,128,46.09375
AES-GCM,1024,plaintext_bit_flip,18,4352,8192,1,8192,0.01220703125,69,128,53.90625
AES-GCM,1024,plaintext_bit_flip,19,4608,8192,1,8192,0.01220703125,60,128,46.875
AES-GCM,1024,plaintext_bit_flip,20,4864,8192,1,8192,0.01220703125,69,128,53.90625
AES-GCM,1024,plaintext_bit_flip,21,5120,8192,1,8192,0.01220703125,70,128,54.6875
AES-GCM,1024,plaintext_bit_flip,22,5376,8192,1,8192,0.01220703125,60,128,46.875
AES-GCM,1024,plaintext_bit_flip,23,5632,8192,1,8192,0.01220703125,58,128,45.3125
AES-GCM,1024,plaintext_bit_flip,24,5888,8192,1,8192,0.01220703125,69,128,53.90625
AES-GCM,1024,plaintext_bit_flip,25,6144,8192,1,8192,0.01220703125,75,128,58.59375
AES-GCM,1024,plaintext_bit_flip,26,6400,8192,1,8192,0.01220703125,72,128,56.25
AES-GCM,1024,plaintext_bit_flip,27,6656,8192,1,8192,0.01220703125,67,128,52.34375
AES-GCM,1024,plaintext_bit_flip,28,6912,8192,1,8192,0.01220703125,60,128,46.875
AES-GCM,1024,plaintext_bit_flip,29,7168,8192,1,8192,0.01220703125,63,128,49.21875
AES-GCM,1024,plaintext_bit_flip,30,7424,8192,1,8192,0.01220703125,65,128,50.78125
AES-GCM,1024,plaintext_bit_flip,31,7680,8192,1,8192,0.01220703125,56,128,43.75
AES-GCM,1024,plaintext_bit_flip,32,7936,8192,1,8192,0.01220703125,64,128,50.0
AES-GCM,1024,key_bit_flip,1,0,256,4156,8192,50.732421875,59,128,46.09375
AES-GCM,1024,key_bit_flip,2,8,256,4160,8192,50.78125,71,128,55.46875
AES-GCM,1024,key_bit_flip,3,16,256,4065,8192,49.62158203125,61,128,47.65625
AES-GCM,1024,key_bit_flip,4,24,256,4124,8192,50.341796875,82,128,64.0625
AES-GCM,1024,key_bit_flip,5,32,256,4063,8192,49.59716796875,59,128,46.09375
AES-GCM,1024,key_bit_flip,6,40,256,4168,8192,50.87890625,56,128,43.75
AES-GCM,1024,key_bit_flip,7,48,256,4086,8192,49.8779296875,66,128,51.5625
AES-GCM,1024,key_bit_flip,8,56,256,4100,8192,50.048828125,67,128,52.34375
AES-GCM,1024,key_bit_flip,9,64,256,4097,8192,50.01220703125,58,128,45.3125
AES-GCM,1024,key_bit_flip,10,72,256,4095,8192,49.98779296875,76,128,59.375
AES-GCM,1024,key_bit_flip,11,80,256,4144,8192,50.5859375,67,128,52.34375
AES-GCM,1024,key_bit_flip,12,88,256,4015,8192,49.01123046875,66,128,51.5625
AES-GCM,1024,key_bit_flip,13,96,256,4097,8192,50.01220703125,68,128,53.125
AES-GCM,1024,key_bit_flip,14,104,256,4101,8192,50.06103515625,64,128,50.0
AES-GCM,1024,key_bit_flip,15,112,256,4144,8192,50.5859375,66,128,51.5625
AES-GCM,1024,key_bit_flip,16,120,256,4115,8192,50.23193359375,64,128,50.0
AES-GCM,1024,key_bit_flip,17,128,256,4102,8192,50.0732421875,63,128,49.21875
AES-GCM,1024,key_bit_flip,18,136,256,4137,8192,50.50048828125,61,128,47.65625
AES-GCM,1024,key_bit_flip,19,144,256,4126,8192,50.3662109375,65,128,50.78125
AES-GCM,1024,key_bit_flip,20,152,256,4140,8192,50.537109375,65,128,50.78125
AES-GCM,1024,key_bit_flip,21,160,256,4055,8192,49.49951171875,64,128,50.0
AES-GCM,1024,key_bit_flip,22,168,256,4178,8192,51.0009765625,71,128,55.46875
AES-GCM,1024,key_bit_flip,23,176,256,4128,8192,50.390625,62,128,48.4375
AES-GCM,1024,key_bit_flip,24,184,256,4096,8192,50.0,61,128,47.65625
AES-GCM,1024,key_bit_flip,25,192,256,4137,8192,50.50048828125,73,128,57.03125
AES-GCM,1024,key_bit_flip,26,200,256,4059,8192,49.54833984375,58,128,45.3125
AES-GCM,1024,key_bit_flip,27,208,256,4116,8192,50.244140625,75,128,58.59375
AES-GCM,1024,key_bit_flip,28,216,256,4152,8192,50.68359375,72,128,56.25
AES-GCM,1024,key_bit_flip,29,224,256,4130,8192,50.4150390625,65,128,50.78125
AES-GCM,1024,key_bit_flip,30,232,256,4038,8192,49.2919921875,68,128,53.125
AES-GCM,1024,key_bit_flip,31,240,256,4056,8192,49.51171875,63,128,49.21875
AES-GCM,1024,key_bit_flip,32,248,256,4104,8192,50.09765625,64,128,50.0
AES-GCM,4096,plaintext_bit_flip,1,0,32768,1,32768,0.0030517578125,61,128,47.65625
AES-GCM,4096,plaintext_bit_flip,2,1024,32768,1,32768,0.0030517578125,70,128,54.6875
AES-GCM,4096,plaintext_bit_flip,3,2048,32768,1,32768,0.0030517578125,62,128,48.4375
AES-GCM,4096,plaintext_bit_flip,4,3072,32768,1,32768,0.0030517578125,69,128,53.90625
AES-GCM,4096,plaintext_bit_flip,5,4096,32768,1,32768,0.0030517578125,64,128,50.0
AES-GCM,4096,plaintext_bit_flip,6,5120,32768,1,32768,0.0030517578125,73,128,57.03125
AES-GCM,4096,plaintext_bit_flip,7,6144,32768,1,32768,0.0030517578125,61,128,47.65625
AES-GCM,4096,plaintext_bit_flip,8,7168,32768,1,32768,0.0030517578125,69,128,53.90625
AES-GCM,4096,plaintext_bit_flip,9,8192,32768,1,32768,0.0030517578125,69,128,53.90625
AES-GCM,4096,plaintext_bit_flip,10,9216,32768,1,32768,0.0030517578125,59,128,46.09375
AES-GCM,4096,plaintext_bit_flip,11,10240,32768,1,32768,0.0030517578125,53,128,41.40625
AES-GCM,4096,plaintext_bit_flip,12,11264,32768,1,32768,0.0030517578125,62,128,48.4375
AES-GCM,4096,plaintext_bit_flip,13,12288,32768,1,32768,0.0030517578125,68,128,53.125
AES-GCM,4096,plaintext_bit_flip,14,13312,32768,1,32768,0.0030517578125,57,128,44.53125
AES-GCM,4096,plaintext_bit_flip,15,14336,32768,1,32768,0.0030517578125,62,128,48.4375
AES-GCM,4096,plaintext_bit_flip,16,15360,32768,1,32768,0.0030517578125,66,128,51.5625
AES-GCM,4096,plaintext_bit_flip,17,16384,32768,1,32768,0.0030517578125,62,128,48.4375
AES-GCM,4096,plaintext_bit_flip,18,17408,32768,1,32768,0.0030517578125,67,128,52.34375
AES-GCM,4096,plaintext_bit_flip,19,18432,32768,1,32768,0.0030517578125,56,128,43.75
AES-GCM,4096,plaintext_bit_flip,20,19456,32768,1,32768,0.0030517578125,75,128,58.59375
AES-GCM,4096,plaintext_bit_flip,21,20480,32768,1,32768,0.0030517578125,52,128,40.625
AES-GCM,4096,plaintext_bit_flip,22,21504,32768,1,32768,0.0030517578125,63,128,49.21875
AES-GCM,4096,plaintext_bit_flip,23,22528,32768,1,32768,0.0030517578125,63,128,49.21875
AES-GCM,4096,plaintext_bit_flip,24,23552,32768,1,32768,0.0030517578125,56,128,43.75
AES-GCM,4096,plaintext_bit_flip,25,24576,32768,1,32768,0.0030517578125,62,128,48.4375
AES-GCM,4096,plaintext_bit_flip,26,25600,32768,1,32768,0.0030517578125,58,128,45.3125
AES-GCM,4096,plaintext_bit_flip,27,26624,32768,1,32768,0.0030517578125,67,128,52.34375
AES-GCM,4096,plaintext_bit_flip,28,27648,32768,1,32768,0.0030517578125,74,128,57.8125
AES-GCM,4096,plaintext_bit_flip,29,28672,32768,1,32768,0.0030517578125,59,128,46.09375
AES-GCM,4096,plaintext_bit_flip,30,29696,32768,1,32768,0.0030517578125,70,128,54.6875
AES-GCM,4096,plaintext_bit_flip,31,30720,32768,1,32768,0.0030517578125,75,128,58.59375
AES-GCM,4096,plaintext_bit_flip,32,31744,32768,1,32768,0.0030517578125,63,128,49.21875
AES-GCM,4096,key_bit_flip,1,0,256,16481,32768,50.2960205078125,57,128,44.53125
AES-GCM,4096,key_bit_flip,2,8,256,16490,32768,50.323486328125,67,128,52.34375
AES-GCM,4096,key_bit_flip,3,16,256,16328,32768,49.8291015625,61,128,47.65625
AES-GCM,4096,key_bit_flip,4,24,256,16355,32768,49.9114990234375,64,128,50.0
AES-GCM,4096,key_bit_flip,5,32,256,16384,32768,50.0,52,128,40.625
AES-GCM,4096,key_bit_flip,6,40,256,16459,32768,50.2288818359375,67,128,52.34375
AES-GCM,4096,key_bit_flip,7,48,256,16329,32768,49.8321533203125,56,128,43.75
AES-GCM,4096,key_bit_flip,8,56,256,16530,32768,50.445556640625,63,128,49.21875
AES-GCM,4096,key_bit_flip,9,64,256,16335,32768,49.8504638671875,67,128,52.34375
AES-GCM,4096,key_bit_flip,10,72,256,16330,32768,49.835205078125,59,128,46.09375
AES-GCM,4096,key_bit_flip,11,80,256,16274,32768,49.664306640625,62,128,48.4375
AES-GCM,4096,key_bit_flip,12,88,256,16379,32768,49.9847412109375,60,128,46.875
AES-GCM,4096,key_bit_flip,13,96,256,16362,32768,49.932861328125,63,128,49.21875
AES-GCM,4096,key_bit_flip,14,104,256,16482,32768,50.299072265625,68,128,53.125
AES-GCM,4096,key_bit_flip,15,112,256,16454,32768,50.213623046875,61,128,47.65625
AES-GCM,4096,key_bit_flip,16,120,256,16425,32768,50.1251220703125,62,128,48.4375
AES-GCM,4096,key_bit_flip,17,128,256,16310,32768,49.774169921875,60,128,46.875
AES-GCM,4096,key_bit_flip,18,136,256,16543,32768,50.4852294921875,67,128,52.34375
AES-GCM,4096,key_bit_flip,19,144,256,16338,32768,49.859619140625,60,128,46.875
AES-GCM,4096,key_bit_flip,20,152,256,16587,32768,50.6195068359375,67,128,52.34375
AES-GCM,4096,key_bit_flip,21,160,256,16256,32768,49.609375,59,128,46.09375
AES-GCM,4096,key_bit_flip,22,168,256,16556,32768,50.52490234375,64,128,50.0
AES-GCM,4096,key_bit_flip,23,176,256,16210,32768,49.468994140625,59,128,46.09375
AES-GCM,4096,key_bit_flip,24,184,256,16271,32768,49.6551513671875,57,128,44.53125
AES-GCM,4096,key_bit_flip,25,192,256,16470,32768,50.262451171875,72,128,56.25
AES-GCM,4096,key_bit_flip,26,200,256,16386,32768,50.006103515625,56,128,43.75
AES-GCM,4096,key_bit_flip,27,208,256,16445,32768,50.1861572265625,68,128,53.125
AES-GCM,4096,key_bit_flip,28,216,256,16315,32768,49.7894287109375,77,128,60.15625
AES-GCM,4096,key_bit_flip,29,224,256,16342,32768,49.871826171875,63,128,49.21875
AES-GCM,4096,key_bit_flip,30,232,256,16278,32768,49.676513671875,59,128,46.09375
AES-GCM,4096,key_bit_flip,31,240,256,16475,32768,50.2777099609375,56,128,43.75
AES-GCM,4096,key_bit_flip,32,248,256,16366,32768,49.945068359375,63,128,49.21875
AES-GCM,16384,plaintext_bit_flip,1,0,131072,1,131072,0.000762939453125,58,128,45.3125
AES-GCM,16384,plaintext_bit_flip,2,4096,131072,1,131072,0.000762939453125,67,128,52.34375
AES-GCM,16384,plaintext_bit_flip,3,8192,131072,1,131072,0.000762939453125,70,128,54.6875
AES-GCM,16384,plaintext_bit_flip,4,12288,131072,1,131072,0.000762939453125,66,128,51.5625
AES-GCM,16384,plaintext_bit_flip,5,16384,131072,1,131072,0.000762939453125,65,128,50.78125
AES-GCM,16384,plaintext_bit_flip,6,20480,131072,1,131072,0.000762939453125,54,128,42.1875
AES-GCM,16384,plaintext_bit_flip,7,24576,131072,1,131072,0.000762939453125,75,128,58.59375
AES-GCM,16384,plaintext_bit_flip,8,28672,131072,1,131072,0.000762939453125,61,128,47.65625
AES-GCM,16384,plaintext_bit_flip,9,32768,131072,1,131072,0.000762939453125,52,128,40.625
AES-GCM,16384,plaintext_bit_flip,10,36864,131072,1,131072,0.000762939453125,63,128,49.21875
AES-GCM,16384,plaintext_bit_flip,11,40960,131072,1,131072,0.000762939453125,58,128,45.3125
AES-GCM,16384,plaintext_bit_flip,12,45056,131072,1,131072,0.000762939453125,64,128,50.0
AES-GCM,16384,plaintext_bit_flip,13,49152,131072,1,131072,0.000762939453125,64,128,50.0
AES-GCM,16384,plaintext_bit_flip,14,53248,131072,1,131072,0.000762939453125,60,128,46.875
AES-GCM,16384,plaintext_bit_flip,15,57344,131072,1,131072,0.000762939453125,70,128,54.6875
AES-GCM,16384,plaintext_bit_flip,16,61440,131072,1,131072,0.000762939453125,57,128,44.53125
AES-GCM,16384,plaintext_bit_flip,17,65536,131072,1,131072,0.000762939453125,65,128,50.78125
AES-GCM,16384,plaintext_bit_flip,18,69632,131072,1,131072,0.000762939453125,69,128,53.90625
AES-GCM,16384,plaintext_bit_flip,19,73728,131072,1,131072,0.000762939453125,56,128,43.75
AES-GCM,16384,plaintext_bit_flip,20,77824,131072,1,131072,0.000762939453125,70,128,54.6875
AES-GCM,16384,plaintext_bit_flip,21,81920,131072,1,131072,0.000762939453125,58,128,45.3125
AES-GCM,16384,plaintext_bit_flip,22,86016,131072,1,131072,0.000762939453125,66,128,51.5625
AES-GCM,16384,plaintext_bit_flip,23,90112,131072,1,131072,0.000762939453125,75,128,58.59375
AES-GCM,16384,plaintext_bit_flip,24,94208,131072,1,131072,0.000762939453125,65,128,50.78125
AES-GCM,16384,plaintext_bit_flip,25,98304,131072,1,131072,0.000762939453125,61,128,47.65625
AES-GCM,16384,plaintext_bit_flip,26,102400,131072,1,131072,0.000762939453125,64,128,50.0
AES-GCM,16384,plaintext_bit_flip,27,106496,131072,1,131072,0.000762939453125,69,128,53.90625
AES-GCM,16384,plaintext_bit_flip,28,110592,131072,1,131072,0.000762939453125,68,128,53.125
AES-GCM,16384,plaintext_bit_flip,29,114688,131072,1,131072,0.000762939453125,62,128,48.4375
AES-GCM,16384,plaintext_bit_flip,30,118784,131072,1,131072,0.000762939453125,52,128,40.625
AES-GCM,16384,plaintext_bit_flip,31,122880,131072,1,131072,0.000762939453125,62,128,48.4375
AES-GCM,16384,plaintext_bit_flip,32,126976,131072,1,131072,0.000762939453125,59,128,46.09375
AES-GCM,16384,key_bit_flip,1,0,256,65405,131072,49.900054931640625,71,128,55.46875
AES-GCM,16384,key_bit_flip,2,8,256,65890,131072,50.27008056640625,67,128,52.34375
AES-GCM,16384,key_bit_flip,3,16,256,65739,131072,50.154876708984375,68,128,53.125
AES-GCM,16384,key_bit_flip,4,24,256,65635,131072,50.075531005859375,65,128,50.78125
AES-GCM,16384,key_bit_flip,5,32,256,65731,131072,50.148773193359375,74,128,57.8125
AES-GCM,16384,key_bit_flip,6,40,256,65673,131072,50.104522705078125,66,128,51.5625
AES-GCM,16384,key_bit_flip,7,48,256,65385,131072,49.884796142578125,62,128,48.4375
AES-GCM,16384,key_bit_flip,8,56,256,65499,131072,49.971771240234375,63,128,49.21875
AES-GCM,16384,key_bit_flip,9,64,256,65822,131072,50.21820068359375,63,128,49.21875
AES-GCM,16384,key_bit_flip,10,72,256,65112,131072,49.676513671875,68,128,53.125
AES-GCM,16384,key_bit_flip,11,80,256,65624,131072,50.067138671875,69,128,53.90625
AES-GCM,16384,key_bit_flip,12,88,256,65598,131072,50.04730224609375,75,128,58.59375
AES-GCM,16384,key_bit_flip,13,96,256,65398,131072,49.89471435546875,56,128,43.75
AES-GCM,16384,key_bit_flip,14,104,256,65690,131072,50.11749267578125,66,128,51.5625
AES-GCM,16384,key_bit_flip,15,112,256,65812,131072,50.2105712890625,62,128,48.4375
AES-GCM,16384,key_bit_flip,16,120,256,65450,131072,49.93438720703125,60,128,46.875
AES-GCM,16384,key_bit_flip,17,128,256,65448,131072,49.932861328125,60,128,46.875
AES-GCM,16384,key_bit_flip,18,136,256,65692,131072,50.1190185546875,61,128,47.65625
AES-GCM,16384,key_bit_flip,19,144,256,65526,131072,49.99237060546875,63,128,49.21875
AES-GCM,16384,key_bit_flip,20,152,256,65774,131072,50.18157958984375,57,128,44.53125
AES-GCM,16384,key_bit_flip,21,160,256,65474,131072,49.95269775390625,61,128,47.65625
AES-GCM,16384,key_bit_flip,22,168,256,66084,131072,50.4180908203125,57,128,44.53125
AES-GCM,16384,key_bit_flip,23,176,256,65212,131072,49.7528076171875,66,128,51.5625
AES-GCM,16384,key_bit_flip,24,184,256,65200,131072,49.74365234375,74,128,57.8125
AES-GCM,16384,key_bit_flip,25,192,256,65517,131072,49.985504150390625,51,128,39.84375
AES-GCM,16384,key_bit_flip,26,200,256,65537,131072,50.000762939453125,67,128,52.34375
AES-GCM,16384,key_bit_flip,27,208,256,65715,131072,50.136566162109375,70,128,54.6875
AES-GCM,16384,key_bit_flip,28,216,256,65385,131072,49.884796142578125,67,128,52.34375
AES-GCM,16384,key_bit_flip,29,224,256,65417,131072,49.909210205078125,59,128,46.09375
AES-GCM,16384,key_bit_flip,30,232,256,65447,131072,49.932098388671875,62,128,48.4375
AES-GCM,16384,key_bit_flip,31,240,256,65535,131072,49.999237060546875,64,128,50.0
AES-GCM,16384,key_bit_flip,32,248,256,65772,131072,50.1800537109375,70,128,54.6875
AES-GCM,65536,plaintext_bit_flip,1,0,524288,1,524288,0.00019073486328125,63,128,49.21875
AES-GCM,65536,plaintext_bit_flip,2,16384,524288,1,524288,0.00019073486328125,62,128,48.4375
AES-GCM,65536,plaintext_bit_flip,3,32768,524288,1,524288,0.00019073486328125,71,128,55.46875
AES-GCM,65536,plaintext_bit_flip,4,49152,524288,1,524288,0.00019073486328125,67,128,52.34375
AES-GCM,65536,plaintext_bit_flip,5,65536,524288,1,524288,0.00019073486328125,64,128,50.0
AES-GCM,65536,plaintext_bit_flip,6,81920,524288,1,524288,0.00019073486328125,69,128,53.90625
AES-GCM,65536,plaintext_bit_flip,7,98304,524288,1,524288,0.00019073486328125,66,128,51.5625
AES-GCM,65536,plaintext_bit_flip,8,114688,524288,1,524288,0.00019073486328125,65,128,50.78125
AES-GCM,65536,plaintext_bit_flip,9,131072,524288,1,524288,0.00019073486328125,52,128,40.625
AES-GCM,65536,plaintext_bit_flip,10,147456,524288,1,524288,0.00019073486328125,51,128,39.84375
AES-GCM,65536,plaintext_bit_flip,11,163840,524288,1,524288,0.00019073486328125,51,128,39.84375
AES-GCM,65536,plaintext_bit_flip,12,180224,524288,1,524288,0.00019073486328125,76,128,59.375
AES-GCM,65536,plaintext_bit_flip,13,196608,524288,1,524288,0.00019073486328125,63,128,49.21875
AES-GCM,65536,plaintext_bit_flip,14,212992,524288,1,524288,0.00019073486328125,65,128,50.78125
AES-GCM,65536,plaintext_bit_flip,15,229376,524288,1,524288,0.00019073486328125,61,128,47.65625
AES-GCM,65536,plaintext_bit_flip,16,245760,524288,1,524288,0.00019073486328125,56,128,43.75
AES-GCM,65536,plaintext_bit_flip,17,262144,524288,1,524288,0.00019073486328125,62,128,48.4375
AES-GCM,65536,plaintext_bit_flip,18,278528,524288,1,524288,0.00019073486328125,70,128,54.6875
AES-GCM,65536,plaintext_bit_flip,19,294912,524288,1,524288,0.00019073486328125,62,128,48.4375
AES-GCM,65536,plaintext_bit_flip,20,311296,524288,1,524288,0.00019073486328125,58,128,45.3125
AES-GCM,65536,plaintext_bit_flip,21,327680,524288,1,524288,0.00019073486328125,67,128,52.34375
AES-GCM,65536,plaintext_bit_flip,22,344064,524288,1,524288,0.00019073486328125,73,128,57.03125
AES-GCM,65536,plaintext_bit_flip,23,360448,524288,1,524288,0.00019073486328125,59,128,46.09375
AES-GCM,65536,plaintext_bit_flip,24,376832,524288,1,524288,0.00019073486328125,59,128,46.09375
AES-GCM,65536,plaintext_bit_flip,25,393216,524288,1,524288,0.00019073486328125,58,128,45.3125
AES-GCM,65536,plaintext_bit_flip,26,409600,524288,1,524288,0.00019073486328125,65,128,50.78125
AES-GCM,65536,plaintext_bit_flip,27,425984,524288,1,524288,0.00019073486328125,52,128,40.625
AES-GCM,65536,plaintext_bit_flip,28,442368,524288,1,524288,0.00019073486328125,64,128,50.0
AES-GCM,65536,plaintext_bit_flip,29,458752,524288,1,524288,0.00019073486328125,65,128,50.78125
AES-GCM,65536,plaintext_bit_flip,30,475136,524288,1,524288,0.00019073486328125,58,128,45.3125
AES-GCM,65536,plaintext_bit_flip,31,491520,524288,1,524288,0.00019073486328125,61,128,47.65625
AES-GCM,65536,plaintext_bit_flip,32,507904,524288,1,524288,0.00019073486328125,62,128,48.4375
AES-GCM,65536,key_bit_flip,1,0,256,262386,524288,50.04615783691406,62,128,48.4375
AES-GCM,65536,key_bit_flip,2,8,256,262844,524288,50.133514404296875,72,128,56.25
AES-GCM,65536,key_bit_flip,3,16,256,262512,524288,50.0701904296875,65,128,50.78125
AES-GCM,65536,key_bit_flip,4,24,256,261594,524288,49.89509582519531,63,128,49.21875
AES-GCM,65536,key_bit_flip,5,32,256,262041,524288,49.98035430908203,63,128,49.21875
AES-GCM,65536,key_bit_flip,6,40,256,262509,524288,50.069618225097656,65,128,50.78125
AES-GCM,65536,key_bit_flip,7,48,256,262050,524288,49.98207092285156,64,128,50.0
AES-GCM,65536,key_bit_flip,8,56,256,262100,524288,49.991607666015625,67,128,52.34375
AES-GCM,65536,key_bit_flip,9,64,256,262358,524288,50.04081726074219,56,128,43.75
AES-GCM,65536,key_bit_flip,10,72,256,262242,524288,50.01869201660156,55,128,42.96875
AES-GCM,65536,key_bit_flip,11,80,256,262078,524288,49.98741149902344,66,128,51.5625
AES-GCM,65536,key_bit_flip,12,88,256,262480,524288,50.0640869140625,61,128,47.65625
AES-GCM,65536,key_bit_flip,13,96,256,261778,524288,49.93019104003906,61,128,47.65625
AES-GCM,65536,key_bit_flip,14,104,256,262480,524288,50.0640869140625,73,128,57.03125
AES-GCM,65536,key_bit_flip,15,112,256,261844,524288,49.942779541015625,63,128,49.21875
AES-GCM,65536,key_bit_flip,16,120,256,261689,524288,49.91321563720703,61,128,47.65625
AES-GCM,65536,key_bit_flip,17,128,256,262436,524288,50.055694580078125,73,128,57.03125
AES-GCM,65536,key_bit_flip,18,136,256,262390,524288,50.04692077636719,60,128,46.875
AES-GCM,65536,key_bit_flip,19,144,256,262171,524288,50.005149841308594,68,128,53.125
AES-GCM,65536,key_bit_flip,20,152,256,261994,524288,49.97138977050781,64,128,50.0
AES-GCM,65536,key_bit_flip,21,160,256,261532,524288,49.883270263671875,65,128,50.78125
AES-GCM,65536,key_bit_flip,22,168,256,262429,524288,50.054359436035156,67,128,52.34375
AES-GCM,65536,key_bit_flip,23,176,256,262173,524288,50.005531311035156,59,128,46.09375
AES-GCM,65536,key_bit_flip,24,184,256,261627,524288,49.901390075683594,63,128,49.21875
AES-GCM,65536,key_bit_flip,25,192,256,262049,524288,49.98188018798828,68,128,53.125
AES-GCM,65536,key_bit_flip,26,200,256,262142,524288,49.99961853027344,60,128,46.875
AES-GCM,65536,key_bit_flip,27,208,256,262452,524288,50.058746337890625,56,128,43.75
AES-GCM,65536,key_bit_flip,28,216,256,261755,524288,49.925804138183594,57,128,44.53125
AES-GCM,65536,key_bit_flip,29,224,256,261925,524288,49.958229064941406,66,128,51.5625
AES-GCM,65536,key_bit_flip,30,232,256,262330,524288,50.03547668457031,72,128,56.25
AES-GCM,65536,key_bit_flip,31,240,256,261851,524288,49.944114685058594,65,128,50.78125
AES-GCM,65536,key_bit_flip,32,248,256,262355,524288,50.040245056152344,54,128,42.1875
AES-GCM,262144,plaintext_bit_flip,1,0,2097152,1,2097152,4.76837158203125e-05,65,128,50.78125
AES-GCM,262144,plaintext_bit_flip,2,65536,2097152,1,2097152,4.76837158203125e-05,63,128,49.21875
AES-GCM,262144,plaintext_bit_flip,3,131072,2097152,1,2097152,4.76837158203125e-05,57,128,44.53125
AES-GCM,262144,plaintext_bit_flip,4,196608,2097152,1,2097152,4.76837158203125e-05,64,128,50.0
AES-GCM,262144,plaintext_bit_flip,5,262144,2097152,1,2097152,4.76837158203125e-05,64,128,50.0
AES-GCM,262144,plaintext_bit_flip,6,327680,2097152,1,2097152,4.76837158203125e-05,64,128,50.0
AES-GCM,262144,plaintext_bit_flip,7,393216,2097152,1,2097152,4.76837158203125e-05,71,128,55.46875
AES-GCM,262144,plaintext_bit_flip,8,458752,2097152,1,2097152,4.76837158203125e-05,58,128,45.3125
AES-GCM,262144,plaintext_bit_flip,9,524288,2097152,1,2097152,4.76837158203125e-05,64,128,50.0
AES-GCM,262144,plaintext_bit_flip,10,589824,2097152,1,2097152,4.76837158203125e-05,65,128,50.78125
AES-GCM,262144,plaintext_bit_flip,11,655360,2097152,1,2097152,4.76837158203125e-05,59,128,46.09375
AES-GCM,262144,plaintext_bit_flip,12,720896,2097152,1,2097152,4.76837158203125e-05,69,128,53.90625
AES-GCM,262144,plaintext_bit_flip,13,786432,2097152,1,2097152,4.76837158203125e-05,69,128,53.90625
AES-GCM,262144,plaintext_bit_flip,14,851968,2097152,1,2097152,4.76837158203125e-05,67,128,52.34375
AES-GCM,262144,plaintext_bit_flip,15,917504,2097152,1,2097152,4.76837158203125e-05,69,128,53.90625
AES-GCM,262144,plaintext_bit_flip,16,983040,2097152,1,2097152,4.76837158203125e-05,69,128,53.90625
AES-GCM,262144,plaintext_bit_flip,17,1048576,2097152,1,2097152,4.76837158203125e-05,56,128,43.75
AES-GCM,262144,plaintext_bit_flip,18,1114112,2097152,1,2097152,4.76837158203125e-05,66,128,51.5625
AES-GCM,262144,plaintext_bit_flip,19,1179648,2097152,1,2097152,4.76837158203125e-05,80,128,62.5
AES-GCM,262144,plaintext_bit_flip,20,1245184,2097152,1,2097152,4.76837158203125e-05,60,128,46.875
AES-GCM,262144,plaintext_bit_flip,21,1310720,2097152,1,2097152,4.76837158203125e-05,69,128,53.90625
AES-GCM,262144,plaintext_bit_flip,22,1376256,2097152,1,2097152,4.76837158203125e-05,65,128,50.78125
AES-GCM,262144,plaintext_bit_flip,23,1441792,2097152,1,2097152,4.76837158203125e-05,70,128,54.6875
AES-GCM,262144,plaintext_bit_flip,24,1507328,2097152,1,2097152,4.76837158203125e-05,67,128,52.34375
AES-GCM,262144,plaintext_bit_flip,25,1572864,2097152,1,2097152,4.76837158203125e-05,63,128,49.21875
AES-GCM,262144,plaintext_bit_flip,26,1638400,2097152,1,2097152,4.76837158203125e-05,64,128,50.0
AES-GCM,262144,plaintext_bit_flip,27,1703936,2097152,1,2097152,4.76837158203125e-05,52,128,40.625
AES-GCM,262144,plaintext_bit_flip,28,1769472,2097152,1,2097152,4.76837158203125e-05,63,128,49.21875
AES-GCM,262144,plaintext_bit_flip,29,1835008,2097152,1,2097152,4.76837158203125e-05,62,128,48.4375
AES-GCM,262144,plaintext_bit_flip,30,1900544,2097152,1,2097152,4.76837158203125e-05,67,128,52.34375
AES-GCM,262144,plaintext_bit_flip,31,1966080,2097152,1,2097152,4.76837158203125e-05,58,128,45.3125
AES-GCM,262144,plaintext_bit_flip,32,2031616,2097152,1,2097152,4.76837158203125e-05,65,128,50.78125
AES-GCM,262144,key_bit_flip,1,0,256,1048602,2097152,50.00123977661133,75,128,58.59375
AES-GCM,262144,key_bit_flip,2,8,256,1048330,2097152,49.9882698059082,64,128,50.0
AES-GCM,262144,key_bit_flip,3,16,256,1049071,2097152,50.023603439331055,65,128,50.78125
AES-GCM,262144,key_bit_flip,4,24,256,1048222,2097152,49.98311996459961,60,128,46.875
AES-GCM,262144,key_bit_flip,5,32,256,1048756,2097152,50.008583068847656,59,128,46.09375
AES-GCM,262144,key_bit_flip,6,40,256,1048862,2097152,50.01363754272461,71,128,55.46875
AES-GCM,262144,key_bit_flip,7,48,256,1048333,2097152,49.988412857055664,64,128,50.0
AES-GCM,262144,key_bit_flip,8,56,256,1049240,2097152,50.03166198730469,66,128,51.5625
AES-GCM,262144,key_bit_flip,9,64,256,1048457,2097152,49.99432563781738,57,128,44.53125
AES-GCM,262144,key_bit_flip,10,72,256,1048678,2097152,50.00486373901367,68,128,53.125
AES-GCM,262144,key_bit_flip,11,80,256,1048660,2097152,50.004005432128906,56,128,43.75
AES-GCM,262144,key_bit_flip,12,88,256,1048010,2097152,49.9730110168457,56,128,43.75
AES-GCM,262144,key_bit_flip,13,96,256,1048171,2097152,49.98068809509277,67,128,52.34375
AES-GCM,262144,key_bit_flip,14,104,256,1048729,2097152,50.00729560852051,64,128,50.0
AES-GCM,262144,key_bit_flip,15,112,256,1049175,2097152,50.02856254577637,65,128,50.78125
AES-GCM,262144,key_bit_flip,16,120,256,1047816,2097152,49.96376037597656,69,128,53.90625
AES-GCM,262144,key_bit_flip,17,128,256,1049147,2097152,50.0272274017334,68,128,53.125
AES-GCM,262144,key_bit_flip,18,136,256,1048420,2097152,49.99256134033203,57,128,44.53125
AES-GCM,262144,key_bit_flip,19,144,256,1048726,2097152,50.00715255737305,73,128,57.03125
AES-GCM,262144,key_bit_flip,20,152,256,1048510,2097152,49.99685287475586,72,128,56.25
AES-GCM,262144,key_bit_flip,21,160,256,1047033,2097152,49.92642402648926,61,128,47.65625
AES-GCM,262144,key_bit_flip,22,168,256,1049010,2097152,50.020694732666016,70,128,54.6875
AES-GCM,262144,key_bit_flip,23,176,256,1048435,2097152,49.993276596069336,52,128,40.625
AES-GCM,262144,key_bit_flip,24,184,256,1047963,2097152,49.97076988220215,59,128,46.09375
AES-GCM,262144,key_bit_flip,25,192,256,1048502,2097152,49.9964714050293,55,128,42.96875
AES-GCM,262144,key_bit_flip,26,200,256,1047769,2097152,49.96151924133301,63,128,49.21875
AES-GCM,262144,key_bit_flip,27,208,256,1048730,2097152,50.00734329223633,64,128,50.0
AES-GCM,262144,key_bit_flip,28,216,256,1048149,2097152,49.97963905334473,65,128,50.78125
AES-GCM,262144,key_bit_flip,29,224,256,1048038,2097152,49.97434616088867,63,128,49.21875
AES-GCM,262144,key_bit_flip,30,232,256,1048843,2097152,50.01273155212402,61,128,47.65625
AES-GCM,262144,key_bit_flip,31,240,256,1048601,2097152,50.00119209289551,60,128,46.875
AES-GCM,262144,key_bit_flip,32,248,256,1047530,2097152,49.95012283325195,74,128,57.8125
AES-GCM,1048576,plaintext_bit_flip,1,0,8388608,1,8388608,1.1920928955078125e-05,59,128,46.09375
AES-GCM,1048576,plaintext_bit_flip,2,262144,8388608,1,8388608,1.1920928955078125e-05,69,128,53.90625
AES-GCM,1048576,plaintext_bit_flip,3,524288,8388608,1,8388608,1.1920928955078125e-05,62,128,48.4375
AES-GCM,1048576,plaintext_bit_flip,4,786432,8388608,1,8388608,1.1920928955078125e-05,66,128,51.5625
AES-GCM,1048576,plaintext_bit_flip,5,1048576,8388608,1,8388608,1.1920928955078125e-05,69,128,53.90625
AES-GCM,1048576,plaintext_bit_flip,6,1310720,8388608,1,8388608,1.1920928955078125e-05,73,128,57.03125
AES-GCM,1048576,plaintext_bit_flip,7,1572864,8388608,1,8388608,1.1920928955078125e-05,70,128,54.6875
AES-GCM,1048576,plaintext_bit_flip,8,1835008,8388608,1,8388608,1.1920928955078125e-05,64,128,50.0
AES-GCM,1048576,plaintext_bit_flip,9,2097152,8388608,1,8388608,1.1920928955078125e-05,67,128,52.34375
AES-GCM,1048576,plaintext_bit_flip,10,2359296,8388608,1,8388608,1.1920928955078125e-05,60,128,46.875
AES-GCM,1048576,plaintext_bit_flip,11,2621440,8388608,1,8388608,1.1920928955078125e-05,68,128,53.125
AES-GCM,1048576,plaintext_bit_flip,12,2883584,8388608,1,8388608,1.1920928955078125e-05,56,128,43.75
AES-GCM,1048576,plaintext_bit_flip,13,3145728,8388608,1,8388608,1.1920928955078125e-05,66,128,51.5625
AES-GCM,1048576,plaintext_bit_flip,14,3407872,8388608,1,8388608,1.1920928955078125e-05,76,128,59.375
AES-GCM,1048576,plaintext_bit_flip,15,3670016,8388608,1,8388608,1.1920928955078125e-05,61,128,47.65625
AES-GCM,1048576,plaintext_bit_flip,16,3932160,8388608,1,8388608,1.1920928955078125e-05,68,128,53.125
AES-GCM,1048576,plaintext_bit_flip,17,4194304,8388608,1,8388608,1.1920928955078125e-05,69,128,53.90625
AES-GCM,1048576,plaintext_bit_flip,18,4456448,8388608,1,8388608,1.1920928955078125e-05,75,128,58.59375
AES-GCM,1048576,plaintext_bit_flip,19,4718592,8388608,1,8388608,1.1920928955078125e-05,74,128,57.8125
AES-GCM,1048576,plaintext_bit_flip,20,4980736,8388608,1,8388608,1.1920928955078125e-05,61,128,47.65625
AES-GCM,1048576,plaintext_bit_flip,21,5242880,8388608,1,8388608,1.1920928955078125e-05,58,128,45.3125
AES-GCM,1048576,plaintext_bit_flip,22,5505024,8388608,1,8388608,1.1920928955078125e-05,70,128,54.6875
AES-GCM,1048576,plaintext_bit_flip,23,5767168,8388608,1,8388608,1.1920928955078125e-05,66,128,51.5625
AES-GCM,1048576,plaintext_bit_flip,24,6029312,8388608,1,8388608,1.1920928955078125e-05,69,128,53.90625
AES-GCM,1048576,plaintext_bit_flip,25,6291456,8388608,1,8388608,1.1920928955078125e-05,65,128,50.78125
AES-GCM,1048576,plaintext_bit_flip,26,6553600,8388608,1,8388608,1.1920928955078125e-05,64,128,50.0
AES-GCM,1048576,plaintext_bit_flip,27,6815744,8388608,1,8388608,1.1920928955078125e-05,64,128,50.0
AES-GCM,1048576,plaintext_bit_flip,28,7077888,8388608,1,8388608,1.1920928955078125e-05,69,128,53.90625
AES-GCM,1048576,plaintext_bit_flip,29,7340032,8388608,1,8388608,1.1920928955078125e-05,56,128,43.75
AES-GCM,1048576,plaintext_bit_flip,30,7602176,8388608,1,8388608,1.1920928955078125e-05,69,128,53.90625
AES-GCM,1048576,plaintext_bit_flip,31,7864320,8388608,1,8388608,1.1920928955078125e-05,63,128,49.21875
AES-GCM,1048576,plaintext_bit_flip,32,8126464,8388608,1,8388608,1.1920928955078125e-05,62,128,48.4375
AES-GCM,1048576,key_bit_flip,1,0,256,4192852,8388608,49.98269081115723,70,128,54.6875
AES-GCM,1048576,key_bit_flip,2,8,256,4192970,8388608,49.984097480773926,61,128,47.65625
AES-GCM,1048576,key_bit_flip,3,16,256,4194183,8388608,49.998557567596436,67,128,52.34375
AES-GCM,1048576,key_bit_flip,4,24,256,4194659,8388608,50.00423192977905,69,128,53.90625
AES-GCM,1048576,key_bit_flip,5,32,256,4194410,8388608,50.00126361846924,75,128,58.59375
AES-GCM,1048576,key_bit_flip,6,40,256,4191363,8388608,49.964940547943115,60,128,46.875
AES-GCM,1048576,key_bit_flip,7,48,256,4195059,8388608,50.009000301361084,64,128,50.0
AES-GCM,1048576,key_bit_flip,8,56,256,4196216,8388608,50.02279281616211,60,128,46.875
AES-GCM,1048576,key_bit_flip,9,64,256,4195057,8388608,50.008976459503174,60,128,46.875
AES-GCM,1048576,key_bit_flip,10,72,256,4192175,8388608,49.97462034225464,58,128,45.3125
AES-GCM,1048576,key_bit_flip,11,80,256,4195112,8388608,50.0096321105957,62,128,48.4375
AES-GCM,1048576,key_bit_flip,12,88,256,4193124,8388608,49.98593330383301,67,128,52.34375
AES-GCM,1048576,key_bit_flip,13,96,256,4193658,8388608,49.99229907989502,67,128,52.34375
AES-GCM,1048576,key_bit_flip,14,104,256,4194035,8388608,49.996793270111084,58,128,45.3125
AES-GCM,1048576,key_bit_flip,15,112,256,4196407,8388608,50.02506971359253,71,128,55.46875
AES-GCM,1048576,key_bit_flip,16,120,256,4195428,8388608,50.01339912414551,60,128,46.875
AES-GCM,1048576,key_bit_flip,17,128,256,4194308,8388608,50.00004768371582,63,128,49.21875
AES-GCM,1048576,key_bit_flip,18,136,256,4194007,8388608,49.99645948410034,67,128,52.34375
AES-GCM,1048576,key_bit_flip,19,144,256,4194135,8388608,49.99798536300659,70,128,54.6875
AES-GCM,1048576,key_bit_flip,20,152,256,4193010,8388608,49.98457431793213,62,128,48.4375
AES-GCM,1048576,key_bit_flip,21,160,256,4192003,8388608,49.972569942474365,69,128,53.90625
AES-GCM,1048576,key_bit_flip,22,168,256,4191926,8388608,49.971652030944824,68,128,53.125
AES-GCM,1048576,key_bit_flip,23,176,256,4194084,8388608,49.99737739562988,69,128,53.90625
AES-GCM,1048576,key_bit_flip,24,184,256,4194300,8388608,49.99995231628418,68,128,53.125
AES-GCM,1048576,key_bit_flip,25,192,256,4196358,8388608,50.02448558807373,71,128,55.46875
AES-GCM,1048576,key_bit_flip,26,200,256,4195595,8388608,50.015389919281006,61,128,47.65625
AES-GCM,1048576,key_bit_flip,27,208,256,4194216,8388608,49.99895095825195,72,128,56.25
AES-GCM,1048576,key_bit_flip,28,216,256,4193579,8388608,49.99135732650757,64,128,50.0
AES-GCM,1048576,key_bit_flip,29,224,256,4193357,8388608,49.98871088027954,70,128,54.6875
AES-GCM,1048576,key_bit_flip,30,232,256,4194628,8388608,50.003862380981445,65,128,50.78125
AES-GCM,1048576,key_bit_flip,31,240,256,4192381,8388608,49.977076053619385,65,128,50.78125
AES-GCM,1048576,key_bit_flip,32,248,256,4194578,8388608,50.00326633453369,67,128,52.34375
ChaCha20-Poly1305,1024,plaintext_bit_flip,1,0,8192,1,8192,0.01220703125,67,128,52.34375
ChaCha20-Poly1305,1024,plaintext_bit_flip,2,256,8192,1,8192,0.01220703125,59,128,46.09375
ChaCha20-Poly1305,1024,plaintext_bit_flip,3,512,8192,1,8192,0.01220703125,60,128,46.875
ChaCha20-Poly1305,1024,plaintext_bit_flip,4,768,8192,1,8192,0.01220703125,65,128,50.78125
ChaCha20-Poly1305,1024,plaintext_bit_flip,5,1024,8192,1,8192,0.01220703125,58,128,45.3125
ChaCha20-Poly1305,1024,plaintext_bit_flip,6,1280,8192,1,8192,0.01220703125,59,128,46.09375
ChaCha20-Poly1305,1024,plaintext_bit_flip,7,1536,8192,1,8192,0.01220703125,69,128,53.90625
ChaCha20-Poly1305,1024,plaintext_bit_flip,8,1792,8192,1,8192,0.01220703125,62,128,48.4375
ChaCha20-Poly1305,1024,plaintext_bit_flip,9,2048,8192,1,8192,0.01220703125,59,128,46.09375
ChaCha20-Poly1305,1024,plaintext_bit_flip,10,2304,8192,1,8192,0.01220703125,65,128,50.78125
ChaCha20-Poly1305,1024,plaintext_bit_flip,11,2560,8192,1,8192,0.01220703125,61,128,47.65625
ChaCha20-Poly1305,1024,plaintext_bit_flip,12,2816,8192,1,8192,0.01220703125,66,128,51.5625
ChaCha20-Poly1305,1024,plaintext_bit_flip,13,3072,8192,1,8192,0.01220703125,57,128,44.53125
ChaCha20-Poly1305,1024,plaintext_bit_flip,14,3328,8192,1,8192,0.01220703125,66,128,51.5625
ChaCha20-Poly1305,1024,plaintext_bit_flip,15,3584,8192,1,8192,0.01220703125,66,128,51.5625
ChaCha20-Poly1305,1024,plaintext_bit_flip,16,3840,8192,1,8192,0.01220703125,72,128,56.25
ChaCha20-Poly1305,1024,plaintext_bit_flip,17,4096,8192,1,8192,0.01220703125,62,128,48.4375
ChaCha20-Poly1305,1024,plaintext_bit_flip,18,4352,8192,1,8192,0.01220703125,71,128,55.46875
ChaCha20-Poly1305,1024,plaintext_bit_flip,19,4608,8192,1,8192,0.01220703125,63,128,49.21875
ChaCha20-Poly1305,1024,plaintext_bit_flip,20,4864,8192,1,8192,0.01220703125,63,128,49.21875
ChaCha20-Poly1305,1024,plaintext_bit_flip,21,5120,8192,1,8192,0.01220703125,70,128,54.6875
ChaCha20-Poly1305,1024,plaintext_bit_flip,22,5376,8192,1,8192,0.01220703125,67,128,52.34375
ChaCha20-Poly1305,1024,plaintext_bit_flip,23,5632,8192,1,8192,0.01220703125,63,128,49.21875
ChaCha20-Poly1305,1024,plaintext_bit_flip,24,5888,8192,1,8192,0.01220703125,57,128,44.53125
ChaCha20-Poly1305,1024,plaintext_bit_flip,25,6144,8192,1,8192,0.01220703125,62,128,48.4375
ChaCha20-Poly1305,1024,plaintext_bit_flip,26,6400,8192,1,8192,0.01220703125,67,128,52.34375
ChaCha20-Poly1305,1024,plaintext_bit_flip,27,6656,8192,1,8192,0.01220703125,68,128,53.125
ChaCha20-Poly1305,1024,plaintext_bit_flip,28,6912,8192,1,8192,0.01220703125,66,128,51.5625
ChaCha20-Poly1305,1024,plaintext_bit_flip,29,7168,8192,1,8192,0.01220703125,66,128,51.5625
ChaCha20-Poly1305,1024,plaintext_bit_flip,30,7424,8192,1,8192,0.01220703125,69,128,53.90625
ChaCha20-Poly1305,1024,plaintext_bit_flip,31,7680,8192,1,8192,0.01220703125,58,128,45.3125
ChaCha20-Poly1305,1024,plaintext_bit_flip,32,7936,8192,1,8192,0.01220703125,67,128,52.34375
ChaCha20-Poly1305,1024,key_bit_flip,1,0,256,4174,8192,50.9521484375,52,128,40.625
ChaCha20-Poly1305,1024,key_bit_flip,2,8,256,4116,8192,50.244140625,70,128,54.6875
ChaCha20-Poly1305,1024,key_bit_flip,3,16,256,4089,8192,49.91455078125,62,128,48.4375
ChaCha20-Poly1305,1024,key_bit_flip,4,24,256,4094,8192,49.9755859375,61,128,47.65625
ChaCha20-Poly1305,1024,key_bit_flip,5,32,256,4175,8192,50.96435546875,73,128,57.03125
ChaCha20-Poly1305,1024,key_bit_flip,6,40,256,4134,8192,50.4638671875,73,128,57.03125
ChaCha20-Poly1305,1024,key_bit_flip,7,48,256,4074,8192,49.7314453125,61,128,47.65625
ChaCha20-Poly1305,1024,key_bit_flip,8,56,256,4129,8192,50.40283203125,78,128,60.9375
ChaCha20-Poly1305,1024,key_bit_flip,9,64,256,4054,8192,49.4873046875,69,128,53.90625
ChaCha20-Poly1305,1024,key_bit_flip,10,72,256,4090,8192,49.9267578125,65,128,50.78125
ChaCha20-Poly1305,1024,key_bit_flip,11,80,256,4071,8192,49.69482421875,69,128,53.90625
ChaCha20-Poly1305,1024,key_bit_flip,12,88,256,4089,8192,49.91455078125,75,128,58.59375
ChaCha20-Poly1305,1024,key_bit_flip,13,96,256,4178,8192,51.0009765625,54,128,42.1875
ChaCha20-Poly1305,1024,key_bit_flip,14,104,256,4063,8192,49.59716796875,60,128,46.875
ChaCha20-Poly1305,1024,key_bit_flip,15,112,256,4181,8192,51.03759765625,64,128,50.0
ChaCha20-Poly1305,1024,key_bit_flip,16,120,256,4103,8192,50.08544921875,65,128,50.78125
ChaCha20-Poly1305,1024,key_bit_flip,17,128,256,4144,8192,50.5859375,63,128,49.21875
ChaCha20-Poly1305,1024,key_bit_flip,18,136,256,4183,8192,51.06201171875,69,128,53.90625
ChaCha20-Poly1305,1024,key_bit_flip,19,144,256,4099,8192,50.03662109375,66,128,51.5625
ChaCha20-Poly1305,1024,key_bit_flip,20,152,256,4057,8192,49.52392578125,73,128,57.03125
ChaCha20-Poly1305,1024,key_bit_flip,21,160,256,4016,8192,49.0234375,61,128,47.65625
ChaCha20-Poly1305,1024,key_bit_flip,22,168,256,4095,8192,49.98779296875,69,128,53.90625
ChaCha20-Poly1305,1024,key_bit_flip,23,176,256,4052,8192,49.462890625,69,128,53.90625
ChaCha20-Poly1305,1024,key_bit_flip,24,184,256,4007,8192,48.91357421875,64,128,50.0
ChaCha20-Poly1305,1024,key_bit_flip,25,192,256,4091,8192,49.93896484375,75,128,58.59375
ChaCha20-Poly1305,1024,key_bit_flip,26,200,256,4053,8192,49.47509765625,68,128,53.125
ChaCha20-Poly1305,1024,key_bit_flip,27,208,256,4092,8192,49.951171875,57,128,44.53125
ChaCha20-Poly1305,1024,key_bit_flip,28,216,256,4079,8192,49.79248046875,67,128,52.34375
ChaCha20-Poly1305,1024,key_bit_flip,29,224,256,4027,8192,49.15771484375,59,128,46.09375
ChaCha20-Poly1305,1024,key_bit_flip,30,232,256,4117,8192,50.25634765625,63,128,49.21875
ChaCha20-Poly1305,1024,key_bit_flip,31,240,256,4114,8192,50.2197265625,55,128,42.96875
ChaCha20-Poly1305,1024,key_bit_flip,32,248,256,4157,8192,50.74462890625,64,128,50.0
ChaCha20-Poly1305,4096,plaintext_bit_flip,1,0,32768,1,32768,0.0030517578125,59,128,46.09375
ChaCha20-Poly1305,4096,plaintext_bit_flip,2,1024,32768,1,32768,0.0030517578125,56,128,43.75
ChaCha20-Poly1305,4096,plaintext_bit_flip,3,2048,32768,1,32768,0.0030517578125,61,128,47.65625
ChaCha20-Poly1305,4096,plaintext_bit_flip,4,3072,32768,1,32768,0.0030517578125,80,128,62.5
ChaCha20-Poly1305,4096,plaintext_bit_flip,5,4096,32768,1,32768,0.0030517578125,66,128,51.5625
ChaCha20-Poly1305,4096,plaintext_bit_flip,6,5120,32768,1,32768,0.0030517578125,56,128,43.75
ChaCha20-Poly1305,4096,plaintext_bit_flip,7,6144,32768,1,32768,0.0030517578125,68,128,53.125
ChaCha20-Poly1305,4096,plaintext_bit_flip,8,7168,32768,1,32768,0.0030517578125,59,128,46.09375
ChaCha20-Poly1305,4096,plaintext_bit_flip,9,8192,32768,1,32768,0.0030517578125,63,128,49.21875
ChaCha20-Poly1305,4096,plaintext_bit_flip,10,9216,32768,1,32768,0.0030517578125,64,128,50.0
ChaCha20-Poly1305,4096,plaintext_bit_flip,11,10240,32768,1,32768,0.0030517578125,69,128,53.90625
ChaCha20-Poly1305,4096,plaintext_bit_flip,12,11264,32768,1,32768,0.0030517578125,68,128,53.125
ChaCha20-Poly1305,4096,plaintext_bit_flip,13,12288,32768,1,32768,0.0030517578125,68,128,53.125
ChaCha20-Poly1305,4096,plaintext_bit_flip,14,13312,32768,1,32768,0.0030517578125,68,128,53.125
ChaCha20-Poly1305,4096,plaintext_bit_flip,15,14336,32768,1,32768,0.0030517578125,69,128,53.90625
ChaCha20-Poly1305,4096,plaintext_bit_flip,16,15360,32768,1,32768,0.0030517578125,66,128,51.5625
ChaCha20-Poly1305,4096,plaintext_bit_flip,17,16384,32768,1,32768,0.0030517578125,59,128,46.09375
ChaCha20-Poly1305,4096,plaintext_bit_flip,18,17408,32768,1,32768,0.0030517578125,65,128,50.78125
ChaCha20-Poly1305,4096,plaintext_bit_flip,19,18432,32768,1,32768,0.0030517578125,65,128,50.78125
ChaCha20-Poly1305,4096,plaintext_bit_flip,20,19456,32768,1,32768,0.0030517578125,66,128,51.5625
ChaCha20-Poly1305,4096,plaintext_bit_flip,21,20480,32768,1,32768,0.0030517578125,65,128,50.78125
ChaCha20-Poly1305,4096,plaintext_bit_flip,22,21504,32768,1,32768,0.0030517578125,64,128,50.0
ChaCha20-Poly1305,4096,plaintext_bit_flip,23,22528,32768,1,32768,0.0030517578125,63,128,49.21875
ChaCha20-Poly1305,4096,plaintext_bit_flip,24,23552,32768,1,32768,0.0030517578125,71,128,55.46875
ChaCha20-Poly1305,4096,plaintext_bit_flip,25,24576,32768,1,32768,0.0030517578125,66,128,51.5625
ChaCha20-Poly1305,4096,plaintext_bit_flip,26,25600,32768,1,32768,0.0030517578125,54,128,42.1875
ChaCha20-Poly1305,4096,plaintext_bit_flip,27,26624,32768,1,32768,0.0030517578125,55,128,42.96875
ChaCha20-Poly1305,4096,plaintext_bit_flip,28,27648,32768,1,32768,0.0030517578125,61,128,47.65625
ChaCha20-Poly1305,4096,plaintext_bit_flip,29,28672,32768,1,32768,0.0030517578125,59,128,46.09375
ChaCha20-Poly1305,4096,plaintext_bit_flip,30,29696,32768,1,32768,0.0030517578125,63,128,49.21875
ChaCha20-Poly1305,4096,plaintext_bit_flip,31,30720,32768,1,32768,0.0030517578125,67,128,52.34375
ChaCha20-Poly1305,4096,plaintext_bit_flip,32,31744,32768,1,32768,0.0030517578125,70,128,54.6875
ChaCha20-Poly1305,4096,key_bit_flip,1,0,256,16581,32768,50.6011962890625,70,128,54.6875
ChaCha20-Poly1305,4096,key_bit_flip,2,8,256,16345,32768,49.8809814453125,59,128,46.09375
ChaCha20-Poly1305,4096,key_bit_flip,3,16,256,16369,32768,49.9542236328125,66,128,51.5625
ChaCha20-Poly1305,4096,key_bit_flip,4,24,256,16386,32768,50.006103515625,61,128,47.65625
ChaCha20-Poly1305,4096,key_bit_flip,5,32,256,16384,32768,50.0,60,128,46.875
ChaCha20-Poly1305,4096,key_bit_flip,6,40,256,16536,32768,50.4638671875,62,128,48.4375
ChaCha20-Poly1305,4096,key_bit_flip,7,48,256,16398,32768,50.042724609375,61,128,47.65625
ChaCha20-Poly1305,4096,key_bit_flip,8,56,256,16432,32768,50.146484375,57,128,44.53125
ChaCha20-Poly1305,4096,key_bit_flip,9,64,256,16327,32768,49.8260498046875,56,128,43.75
ChaCha20-Poly1305,4096,key_bit_flip,10,72,256,16430,32768,50.140380859375,55,128,42.96875
ChaCha20-Poly1305,4096,key_bit_flip,11,80,256,16238,32768,49.554443359375,59,128,46.09375
ChaCha20-Poly1305,4096,key_bit_flip,12,88,256,16488,32768,50.3173828125,66,128,51.5625
ChaCha20-Poly1305,4096,key_bit_flip,13,96,256,16563,32768,50.5462646484375,64,128,50.0
ChaCha20-Poly1305,4096,key_bit_flip,14,104,256,16305,32768,49.7589111328125,67,128,52.34375
ChaCha20-Poly1305,4096,key_bit_flip,15,112,256,16529,32768,50.4425048828125,63,128,49.21875
ChaCha20-Poly1305,4096,key_bit_flip,16,120,256,16428,32768,50.13427734375,58,128,45.3125
ChaCha20-Poly1305,4096,key_bit_flip,17,128,256,16361,32768,49.9298095703125,53,128,41.40625
ChaCha20-Poly1305,4096,key_bit_flip,18,136,256,16567,32768,50.5584716796875,62,128,48.4375
ChaCha20-Poly1305,4096,key_bit_flip,19,144,256,16339,32768,49.8626708984375,57,128,44.53125
ChaCha20-Poly1305,4096,key_bit_flip,20,152,256,16290,32768,49.713134765625,68,128,53.125
ChaCha20-Poly1305,4096,key_bit_flip,21,160,256,16276,32768,49.67041015625,59,128,46.09375
ChaCha20-Poly1305,4096,key_bit_flip,22,168,256,16495,32768,50.3387451171875,63,128,49.21875
ChaCha20-Poly1305,4096,key_bit_flip,23,176,256,16264,32768,49.6337890625,70,128,54.6875
ChaCha20-Poly1305,4096,key_bit_flip,24,184,256,16289,32768,49.7100830078125,55,128,42.96875
ChaCha20-Poly1305,4096,key_bit_flip,25,192,256,16447,32768,50.1922607421875,63,128,49.21875
ChaCha20-Poly1305,4096,key_bit_flip,26,200,256,16359,32768,49.9237060546875,71,128,55.46875
ChaCha20-Poly1305,4096,key_bit_flip,27,208,256,16362,32768,49.932861328125,60,128,46.875
ChaCha20-Poly1305,4096,key_bit_flip,28,216,256,16441,32768,50.1739501953125,62,128,48.4375
ChaCha20-Poly1305,4096,key_bit_flip,29,224,256,16264,32768,49.6337890625,64,128,50.0
ChaCha20-Poly1305,4096,key_bit_flip,30,232,256,16398,32768,50.042724609375,72,128,56.25
ChaCha20-Poly1305,4096,key_bit_flip,31,240,256,16405,32768,50.0640869140625,78,128,60.9375
ChaCha20-Poly1305,4096,key_bit_flip,32,248,256,16434,32768,50.152587890625,68,128,53.125
ChaCha20-Poly1305,16384,plaintext_bit_flip,1,0,131072,1,131072,0.000762939453125,56,128,43.75
ChaCha20-Poly1305,16384,plaintext_bit_flip,2,4096,131072,1,131072,0.000762939453125,68,128,53.125
ChaCha20-Poly1305,16384,plaintext_bit_flip,3,8192,131072,1,131072,0.000762939453125,63,128,49.21875
ChaCha20-Poly1305,16384,plaintext_bit_flip,4,12288,131072,1,131072,0.000762939453125,59,128,46.09375
ChaCha20-Poly1305,16384,plaintext_bit_flip,5,16384,131072,1,131072,0.000762939453125,58,128,45.3125
ChaCha20-Poly1305,16384,plaintext_bit_flip,6,20480,131072,1,131072,0.000762939453125,72,128,56.25
ChaCha20-Poly1305,16384,plaintext_bit_flip,7,24576,131072,1,131072,0.000762939453125,73,128,57.03125
ChaCha20-Poly1305,16384,plaintext_bit_flip,8,28672,131072,1,131072,0.000762939453125,61,128,47.65625
ChaCha20-Poly1305,16384,plaintext_bit_flip,9,32768,131072,1,131072,0.000762939453125,66,128,51.5625
ChaCha20-Poly1305,16384,plaintext_bit_flip,10,36864,131072,1,131072,0.000762939453125,63,128,49.21875
ChaCha20-Poly1305,16384,plaintext_bit_flip,11,40960,131072,1,131072,0.000762939453125,69,128,53.90625
ChaCha20-Poly1305,16384,plaintext_bit_flip,12,45056,131072,1,131072,0.000762939453125,60,128,46.875
ChaCha20-Poly1305,16384,plaintext_bit_flip,13,49152,131072,1,131072,0.000762939453125,65,128,50.78125
ChaCha20-Poly1305,16384,plaintext_bit_flip,14,53248,131072,1,131072,0.000762939453125,68,128,53.125
ChaCha20-Poly1305,16384,plaintext_bit_flip,15,57344,131072,1,131072,0.000762939453125,65,128,50.78125
ChaCha20-Poly1305,16384,plaintext_bit_flip,16,61440,131072,1,131072,0.000762939453125,53,128,41.40625
ChaCha20-Poly1305,16384,plaintext_bit_flip,17,65536,131072,1,131072,0.000762939453125,62,128,48.4375
ChaCha20-Poly1305,16384,plaintext_bit_flip,18,69632,131072,1,131072,0.000762939453125,64,128,50.0
ChaCha20-Poly1305,16384,plaintext_bit_flip,19,73728,131072,1,131072,0.000762939453125,72,128,56.25
ChaCha20-Poly1305,16384,plaintext_bit_flip,20,77824,131072,1,131072,0.000762939453125,59,128,46.09375
ChaCha20-Poly1305,16384,plaintext_bit_flip,21,81920,131072,1,131072,0.000762939453125,79,128,61.71875
ChaCha20-Poly1305,16384,plaintext_bit_flip,22,86016,131072,1,131072,0.000762939453125,58,128,45.3125
ChaCha20-Poly1305,16384,plaintext_bit_flip,23,90112,131072,1,131072,0.000762939453125,61,128,47.65625
ChaCha20-Poly1305,16384,plaintext_bit_flip,24,94208,131072,1,131072,0.000762939453125,68,128,53.125
ChaCha20-Poly1305,16384,plaintext_bit_flip,25,98304,131072,1,131072,0.000762939453125,63,128,49.21875
ChaCha20-Poly1305,16384,plaintext_bit_flip,26,102400,131072,1,131072,0.000762939453125,67,128,52.34375
ChaCha20-Poly1305,16384,plaintext_bit_flip,27,106496,131072,1,131072,0.000762939453125,63,128,49.21875
ChaCha20-Poly1305,16384,plaintext_bit_flip,28,110592,131072,1,131072,0.000762939453125,60,128,46.875
ChaCha20-Poly1305,16384,plaintext_bit_flip,29,114688,131072,1,131072,0.000762939453125,64,128,50.0
ChaCha20-Poly1305,16384,plaintext_bit_flip,30,118784,131072,1,131072,0.000762939453125,78,128,60.9375
ChaCha20-Poly1305,16384,plaintext_bit_flip,31,122880,131072,1,131072,0.000762939453125,66,128,51.5625
ChaCha20-Poly1305,16384,plaintext_bit_flip,32,126976,131072,1,131072,0.000762939453125,63,128,49.21875
ChaCha20-Poly1305,16384,key_bit_flip,1,0,256,65478,131072,49.95574951171875,74,128,57.8125
ChaCha20-Poly1305,16384,key_bit_flip,2,8,256,65673,131072,50.104522705078125,55,128,42.96875
ChaCha20-Poly1305,16384,key_bit_flip,3,16,256,65680,131072,50.10986328125,62,128,48.4375
ChaCha20-Poly1305,16384,key_bit_flip,4,24,256,65798,131072,50.19989013671875,61,128,47.65625
ChaCha20-Poly1305,16384,key_bit_flip,5,32,256,65514,131072,49.98321533203125,67,128,52.34375
ChaCha20-Poly1305,16384,key_bit_flip,6,40,256,65390,131072,49.88861083984375,70,128,54.6875
ChaCha20-Poly1305,16384,key_bit_flip,7,48,256,65674,131072,50.10528564453125,67,128,52.34375
ChaCha20-Poly1305,16384,key_bit_flip,8,56,256,65780,131072,50.1861572265625,75,128,58.59375
ChaCha20-Poly1305,16384,key_bit_flip,9,64,256,65486,131072,49.96185302734375,64,128,50.0
ChaCha20-Poly1305,16384,key_bit_flip,10,72,256,65474,131072,49.95269775390625,60,128,46.875
ChaCha20-Poly1305,16384,key_bit_flip,11,80,256,65330,131072,49.84283447265625,63,128,49.21875
ChaCha20-Poly1305,16384,key_bit_flip,12,88,256,65781,131072,50.186920166015625,68,128,53.125
ChaCha20-Poly1305,16384,key_bit_flip,13,96,256,65781,131072,50.186920166015625,63,128,49.21875
ChaCha20-Poly1305,16384,key_bit_flip,14,104,256,65405,131072,49.900054931640625,61,128,47.65625
ChaCha20-Poly1305,16384,key_bit_flip,15,112,256,65716,131072,50.1373291015625,66,128,51.5625
ChaCha20-Poly1305,16384,key_bit_flip,16,120,256,65304,131072,49.822998046875,68,128,53.125
ChaCha20-Poly1305,16384,key_bit_flip,17,128,256,65690,131072,50.11749267578125,64,128,50.0
ChaCha20-Poly1305,16384,key_bit_flip,18,136,256,65918,131072,50.29144287109375,66,128,51.5625
ChaCha20-Poly1305,16384,key_bit_flip,19,144,256,65401,131072,49.897003173828125,66,128,51.5625
ChaCha20-Poly1305,16384,key_bit_flip,20,152,256,65517,131072,49.985504150390625,67,128,52.34375
ChaCha20-Poly1305,16384,key_bit_flip,21,160,256,65360,131072,49.86572265625,61,128,47.65625
ChaCha20-Poly1305,16384,key_bit_flip,22,168,256,65335,131072,49.846649169921875,72,128,56.25
ChaCha20-Poly1305,16384,key_bit_flip,23,176,256,65278,131072,49.80316162109375,67,128,52.34375
ChaCha20-Poly1305,16384,key_bit_flip,24,184,256,65549,131072,50.009918212890625,60,128,46.875
ChaCha20-Poly1305,16384,key_bit_flip,25,192,256,65864,131072,50.250244140625,55,128,42.96875
ChaCha20-Poly1305,16384,key_bit_flip,26,200,256,65475,131072,49.953460693359375,59,128,46.09375
ChaCha20-Poly1305,16384,key_bit_flip,27,208,256,65678,131072,50.10833740234375,57,128,44.53125
ChaCha20-Poly1305,16384,key_bit_flip,28,216,256,65753,131072,50.165557861328125,60,128,46.875
ChaCha20-Poly1305,16384,key_bit_flip,29,224,256,65472,131072,49.951171875,71,128,55.46875
ChaCha20-Poly1305,16384,key_bit_flip,30,232,256,65308,131072,49.8260498046875,65,128,50.78125
ChaCha20-Poly1305,16384,key_bit_flip,31,240,256,65525,131072,49.991607666015625,65,128,50.78125
ChaCha20-Poly1305,16384,key_bit_flip,32,248,256,65627,131072,50.069427490234375,62,128,48.4375
ChaCha20-Poly1305,65536,plaintext_bit_flip,1,0,524288,1,524288,0.00019073486328125,63,128,49.21875
ChaCha20-Poly1305,65536,plaintext_bit_flip,2,16384,524288,1,524288,0.00019073486328125,69,128,53.90625
ChaCha20-Poly1305,65536,plaintext_bit_flip,3,32768,524288,1,524288,0.00019073486328125,57,128,44.53125
ChaCha20-Poly1305,65536,plaintext_bit_flip,4,49152,524288,1,524288,0.00019073486328125,53,128,41.40625
ChaCha20-Poly1305,65536,plaintext_bit_flip,5,65536,524288,1,524288,0.00019073486328125,67,128,52.34375
ChaCha20-Poly1305,65536,plaintext_bit_flip,6,81920,524288,1,524288,0.00019073486328125,88,128,68.75
ChaCha20-Poly1305,65536,plaintext_bit_flip,7,98304,524288,1,524288,0.00019073486328125,68,128,53.125
ChaCha20-Poly1305,65536,plaintext_bit_flip,8,114688,524288,1,524288,0.00019073486328125,65,128,50.78125
ChaCha20-Poly1305,65536,plaintext_bit_flip,9,131072,524288,1,524288,0.00019073486328125,60,128,46.875
ChaCha20-Poly1305,65536,plaintext_bit_flip,10,147456,524288,1,524288,0.00019073486328125,68,128,53.125
ChaCha20-Poly1305,65536,plaintext_bit_flip,11,163840,524288,1,524288,0.00019073486328125,61,128,47.65625
ChaCha20-Poly1305,65536,plaintext_bit_flip,12,180224,524288,1,524288,0.00019073486328125,52,128,40.625
ChaCha20-Poly1305,65536,plaintext_bit_flip,13,196608,524288,1,524288,0.00019073486328125,71,128,55.46875
ChaCha20-Poly1305,65536,plaintext_bit_flip,14,212992,524288,1,524288,0.00019073486328125,71,128,55.46875
ChaCha20-Poly1305,65536,plaintext_bit_flip,15,229376,524288,1,524288,0.00019073486328125,57,128,44.53125
ChaCha20-Poly1305,65536,plaintext_bit_flip,16,245760,524288,1,524288,0.00019073486328125,71,128,55.46875
ChaCha20-Poly1305,65536,plaintext_bit_flip,17,262144,524288,1,524288,0.00019073486328125,71,128,55.46875
ChaCha20-Poly1305,65536,plaintext_bit_flip,18,278528,524288,1,524288,0.00019073486328125,63,128,49.21875
ChaCha20-Poly1305,65536,plaintext_bit_flip,19,294912,524288,1,524288,0.00019073486328125,58,128,45.3125
ChaCha20-Poly1305,65536,plaintext_bit_flip,20,311296,524288,1,524288,0.00019073486328125,66,128,51.5625
ChaCha20-Poly1305,65536,plaintext_bit_flip,21,327680,524288,1,524288,0.00019073486328125,65,128,50.78125
ChaCha20-Poly1305,65536,plaintext_bit_flip,22,344064,524288,1,524288,0.00019073486328125,61,128,47.65625
ChaCha20-Poly1305,65536,plaintext_bit_flip,23,360448,524288,1,524288,0.00019073486328125,66,128,51.5625
ChaCha20-Poly1305,65536,plaintext_bit_flip,24,376832,524288,1,524288,0.00019073486328125,58,128,45.3125
ChaCha20-Poly1305,65536,plaintext_bit_flip,25,393216,524288,1,524288,0.00019073486328125,70,128,54.6875
ChaCha20-Poly1305,65536,plaintext_bit_flip,26,409600,524288,1,524288,0.00019073486328125,54,128,42.1875
ChaCha20-Poly1305,65536,plaintext_bit_flip,27,425984,524288,1,524288,0.00019073486328125,66,128,51.5625
ChaCha20-Poly1305,65536,plaintext_bit_flip,28,442368,524288,1,524288,0.00019073486328125,55,128,42.96875
ChaCha20-Poly1305,65536,plaintext_bit_flip,29,458752,524288,1,524288,0.00019073486328125,58,128,45.3125
ChaCha20-Poly1305,65536,plaintext_bit_flip,30,475136,524288,1,524288,0.00019073486328125,78,128,60.9375
ChaCha20-Poly1305,65536,plaintext_bit_flip,31,491520,524288,1,524288,0.00019073486328125,59,128,46.09375
ChaCha20-Poly1305,65536,plaintext_bit_flip,32,507904,524288,1,524288,0.00019073486328125,63,128,49.21875
ChaCha20-Poly1305,65536,key_bit_flip,1,0,256,262521,524288,50.07190704345703,65,128,50.78125
ChaCha20-Poly1305,65536,key_bit_flip,2,8,256,262681,524288,50.10242462158203,62,128,48.4375
ChaCha20-Poly1305,65536,key_bit_flip,3,16,256,262200,524288,50.01068115234375,63,128,49.21875
ChaCha20-Poly1305,65536,key_bit_flip,4,24,256,262551,524288,50.07762908935547,70,128,54.6875
ChaCha20-Poly1305,65536,key_bit_flip,5,32,256,261841,524288,49.94220733642578,64,128,50.0
ChaCha20-Poly1305,65536,key_bit_flip,6,40,256,262591,524288,50.08525848388672,57,128,44.53125
ChaCha20-Poly1305,65536,key_bit_flip,7,48,256,262197,524288,50.010108947753906,69,128,53.90625
ChaCha20-Poly1305,65536,key_bit_flip,8,56,256,261994,524288,49.97138977050781,62,128,48.4375
ChaCha20-Poly1305,65536,key_bit_flip,9,64,256,262154,524288,50.00190734863281,63,128,49.21875
ChaCha20-Poly1305,65536,key_bit_flip,10,72,256,262058,524288,49.98359680175781,62,128,48.4375
ChaCha20-Poly1305,65536,key_bit_flip,11,80,256,261714,524288,49.91798400878906,65,128,50.78125
ChaCha20-Poly1305,65536,key_bit_flip,12,88,256,262879,524288,50.14019012451172,70,128,54.6875
ChaCha20-Poly1305,65536,key_bit_flip,13,96,256,262708,524288,50.107574462890625,79,128,61.71875
ChaCha20-Poly1305,65536,key_bit_flip,14,104,256,261781,524288,49.930763244628906,68,128,53.125
ChaCha20-Poly1305,65536,key_bit_flip,15,112,256,262193,524288,50.00934600830078,68,128,53.125
ChaCha20-Poly1305,65536,key_bit_flip,16,120,256,262133,524288,49.997901916503906,64,128,50.0
ChaCha20-Poly1305,65536,key_bit_flip,17,128,256,262469,524288,50.061988830566406,58,128,45.3125
ChaCha20-Poly1305,65536,key_bit_flip,18,136,256,262781,524288,50.121498107910156,67,128,52.34375
ChaCha20-Poly1305,65536,key_bit_flip,19,144,256,262288,524288,50.0274658203125,67,128,52.34375
ChaCha20-Poly1305,65536,key_bit_flip,20,152,256,262223,524288,50.01506805419922,71,128,55.46875
ChaCha20-Poly1305,65536,key_bit_flip,21,160,256,261451,524288,49.867820739746094,58,128,45.3125
ChaCha20-Poly1305,65536,key_bit_flip,22,168,256,262476,524288,50.063323974609375,62,128,48.4375
ChaCha20-Poly1305,65536,key_bit_flip,23,176,256,261889,524288,49.95136260986328,62,128,48.4375
ChaCha20-Poly1305,65536,key_bit_flip,24,184,256,261957,524288,49.964332580566406,75,128,58.59375
ChaCha20-Poly1305,65536,key_bit_flip,25,192,256,262111,524288,49.99370574951172,65,128,50.78125
ChaCha20-Poly1305,65536,key_bit_flip,26,200,256,261346,524288,49.84779357910156,65,128,50.78125
ChaCha20-Poly1305,65536,key_bit_flip,27,208,256,262842,524288,50.13313293457031,69,128,53.90625
ChaCha20-Poly1305,65536,key_bit_flip,28,216,256,261884,524288,49.950408935546875,75,128,58.59375
ChaCha20-Poly1305,65536,key_bit_flip,29,224,256,262013,524288,49.975013732910156,72,128,56.25
ChaCha20-Poly1305,65536,key_bit_flip,30,232,256,261176,524288,49.81536865234375,61,128,47.65625
ChaCha20-Poly1305,65536,key_bit_flip,31,240,256,261928,524288,49.95880126953125,62,128,48.4375
ChaCha20-Poly1305,65536,key_bit_flip,32,248,256,262555,524288,50.078392028808594,58,128,45.3125
ChaCha20-Poly1305,262144,plaintext_bit_flip,1,0,2097152,1,2097152,4.76837158203125e-05,66,128,51.5625
ChaCha20-Poly1305,262144,plaintext_bit_flip,2,65536,2097152,1,2097152,4.76837158203125e-05,60,128,46.875
ChaCha20-Poly1305,262144,plaintext_bit_flip,3,131072,2097152,1,2097152,4.76837158203125e-05,67,128,52.34375
ChaCha20-Poly1305,262144,plaintext_bit_flip,4,196608,2097152,1,2097152,4.76837158203125e-05,63,128,49.21875
ChaCha20-Poly1305,262144,plaintext_bit_flip,5,262144,2097152,1,2097152,4.76837158203125e-05,67,128,52.34375
ChaCha20-Poly1305,262144,plaintext_bit_flip,6,327680,2097152,1,2097152,4.76837158203125e-05,64,128,50.0
ChaCha20-Poly1305,262144,plaintext_bit_flip,7,393216,2097152,1,2097152,4.76837158203125e-05,61,128,47.65625
ChaCha20-Poly1305,262144,plaintext_bit_flip,8,458752,2097152,1,2097152,4.76837158203125e-05,58,128,45.3125
ChaCha20-Poly1305,262144,plaintext_bit_flip,9,524288,2097152,1,2097152,4.76837158203125e-05,76,128,59.375
ChaCha20-Poly1305,262144,plaintext_bit_flip,10,589824,2097152,1,2097152,4.76837158203125e-05,63,128,49.21875
ChaCha20-Poly1305,262144,plaintext_bit_flip,11,655360,2097152,1,2097152,4.76837158203125e-05,64,128,50.0
ChaCha20-Poly1305,262144,plaintext_bit_flip,12,720896,2097152,1,2097152,4.76837158203125e-05,74,128,57.8125
ChaCha20-Poly1305,262144,plaintext_bit_flip,13,786432,2097152,1,2097152,4.76837158203125e-05,62,128,48.4375
ChaCha20-Poly1305,262144,plaintext_bit_flip,14,851968,2097152,1,2097152,4.76837158203125e-05,60,128,46.875
ChaCha20-Poly1305,262144,plaintext_bit_flip,15,917504,2097152,1,2097152,4.76837158203125e-05,65,128,50.78125
ChaCha20-Poly1305,262144,plaintext_bit_flip,16,983040,2097152,1,2097152,4.76837158203125e-05,76,128,59.375
ChaCha20-Poly1305,262144,plaintext_bit_flip,17,1048576,2097152,1,2097152,4.76837158203125e-05,60,128,46.875
ChaCha20-Poly1305,262144,plaintext_bit_flip,18,1114112,2097152,1,2097152,4.76837158203125e-05,61,128,47.65625
ChaCha20-Poly1305,262144,plaintext_bit_flip,19,1179648,2097152,1,2097152,4.76837158203125e-05,65,128,50.78125
ChaCha20-Poly1305,262144,plaintext_bit_flip,20,1245184,2097152,1,2097152,4.76837158203125e-05,64,128,50.0
ChaCha20-Poly1305,262144,plaintext_bit_flip,21,1310720,2097152,1,2097152,4.76837158203125e-05,72,128,56.25
ChaCha20-Poly1305,262144,plaintext_bit_flip,22,1376256,2097152,1,2097152,4.76837158203125e-05,68,128,53.125
ChaCha20-Poly1305,262144,plaintext_bit_flip,23,1441792,2097152,1,2097152,4.76837158203125e-05,53,128,41.40625
ChaCha20-Poly1305,262144,plaintext_bit_flip,24,1507328,2097152,1,2097152,4.76837158203125e-05,67,128,52.34375
ChaCha20-Poly1305,262144,plaintext_bit_flip,25,1572864,2097152,1,2097152,4.76837158203125e-05,56,128,43.75
ChaCha20-Poly1305,262144,plaintext_bit_flip,26,1638400,2097152,1,2097152,4.76837158203125e-05,64,128,50.0
ChaCha20-Poly1305,262144,plaintext_bit_flip,27,1703936,2097152,1,2097152,4.76837158203125e-05,57,128,44.53125
ChaCha20-Poly1305,262144,plaintext_bit_flip,28,1769472,2097152,1,2097152,4.76837158203125e-05,58,128,45.3125
ChaCha20-Poly1305,262144,plaintext_bit_flip,29,1835008,2097152,1,2097152,4.76837158203125e-05,63,128,49.21875
ChaCha20-Poly1305,262144,plaintext_bit_flip,30,1900544,2097152,1,2097152,4.76837158203125e-05,78,128,60.9375
ChaCha20-Poly1305,262144,plaintext_bit_flip,31,1966080,2097152,1,2097152,4.76837158203125e-05,63,128,49.21875
ChaCha20-Poly1305,262144,plaintext_bit_flip,32,2031616,2097152,1,2097152,4.76837158203125e-05,64,128,50.0
ChaCha20-Poly1305,262144,key_bit_flip,1,0,256,1048638,2097152,50.00295639038086,52,128,40.625
ChaCha20-Poly1305,262144,key_bit_flip,2,8,256,1047092,2097152,49.929237365722656,62,128,48.4375
ChaCha20-Poly1305,262144,key_bit_flip,3,16,256,1048254,2097152,49.98464584350586,59,128,46.09375
ChaCha20-Poly1305,262144,key_bit_flip,4,24,256,1048673,2097152,50.00462532043457,68,128,53.125
ChaCha20-Poly1305,262144,key_bit_flip,5,32,256,1046834,2097152,49.916934967041016,55,128,42.96875
ChaCha20-Poly1305,262144,key_bit_flip,6,40,256,1049204,2097152,50.029945373535156,69,128,53.90625
ChaCha20-Poly1305,262144,key_bit_flip,7,48,256,1048499,2097152,49.996328353881836,65,128,50.78125
ChaCha20-Poly1305,262144,key_bit_flip,8,56,256,1049521,2097152,50.045061111450195,71,128,55.46875
ChaCha20-Poly1305,262144,key_bit_flip,9,64,256,1047911,2097152,49.96829032897949,72,128,56.25
ChaCha20-Poly1305,262144,key_bit_flip,10,72,256,1048551,2097152,49.99880790710449,73,128,57.03125
ChaCha20-Poly1305,262144,key_bit_flip,11,80,256,1049324,2097152,50.035667419433594,65,128,50.78125
ChaCha20-Poly1305,262144,key_bit_flip,12,88,256,1048621,2097152,50.002145767211914,64,128,50.0
ChaCha20-Poly1305,262144,key_bit_flip,13,96,256,1048118,2097152,49.9781608581543,62,128,48.4375
ChaCha20-Poly1305,262144,key_bit_flip,14,104,256,1048575,2097152,49.99995231628418,64,128,50.0
ChaCha20-Poly1305,262144,key_bit_flip,15,112,256,1049525,2097152,50.04525184631348,60,128,46.875
ChaCha20-Poly1305,262144,key_bit_flip,16,120,256,1048995,2097152,50.01997947692871,66,128,51.5625
ChaCha20-Poly1305,262144,key_bit_flip,17,128,256,1048786,2097152,50.010013580322266,71,128,55.46875
ChaCha20-Poly1305,262144,key_bit_flip,18,136,256,1049366,2097152,50.03767013549805,54,128,42.1875
ChaCha20-Poly1305,262144,key_bit_flip,19,144,256,1048119,2097152,49.97820854187012,56,128,43.75
ChaCha20-Poly1305,262144,key_bit_flip,20,152,256,1048606,2097152,50.00143051147461,68,128,53.125
ChaCha20-Poly1305,262144,key_bit_flip,21,160,256,1048881,2097152,50.014543533325195,59,128,46.09375
ChaCha20-Poly1305,262144,key_bit_flip,22,168,256,1048716,2097152,50.006675720214844,59,128,46.09375
ChaCha20-Poly1305,262144,key_bit_flip,23,176,256,1048443,2097152,49.9936580657959,61,128,47.65625
ChaCha20-Poly1305,262144,key_bit_flip,24,184,256,1048980,2097152,50.019264221191406,63,128,49.21875
ChaCha20-Poly1305,262144,key_bit_flip,25,192,256,1049168,2097152,50.028228759765625,66,128,51.5625
ChaCha20-Poly1305,262144,key_bit_flip,26,200,256,1047429,2097152,49.9453067779541,59,128,46.09375
ChaCha20-Poly1305,262144,key_bit_flip,27,208,256,1048545,2097152,49.99852180480957,55,128,42.96875
ChaCha20-Poly1305,262144,key_bit_flip,28,216,256,1048995,2097152,50.01997947692871,60,128,46.875
ChaCha20-Poly1305,262144,key_bit_flip,29,224,256,1049343,2097152,50.03657341003418,72,128,56.25
ChaCha20-Poly1305,262144,key_bit_flip,30,232,256,1047384,2097152,49.94316101074219,73,128,57.03125
ChaCha20-Poly1305,262144,key_bit_flip,31,240,256,1048259,2097152,49.98488426208496,65,128,50.78125
ChaCha20-Poly1305,262144,key_bit_flip,32,248,256,1049564,2097152,50.04711151123047,57,128,44.53125
ChaCha20-Poly1305,1048576,plaintext_bit_flip,1,0,8388608,1,8388608,1.1920928955078125e-05,61,128,47.65625
ChaCha20-Poly1305,1048576,plaintext_bit_flip,2,262144,8388608,1,8388608,1.1920928955078125e-05,62,128,48.4375
ChaCha20-Poly1305,1048576,plaintext_bit_flip,3,524288,8388608,1,8388608,1.1920928955078125e-05,67,128,52.34375
ChaCha20-Poly1305,1048576,plaintext_bit_flip,4,786432,8388608,1,8388608,1.1920928955078125e-05,75,128,58.59375
ChaCha20-Poly1305,1048576,plaintext_bit_flip,5,1048576,8388608,1,8388608,1.1920928955078125e-05,60,128,46.875
ChaCha20-Poly1305,1048576,plaintext_bit_flip,6,1310720,8388608,1,8388608,1.1920928955078125e-05,56,128,43.75
ChaCha20-Poly1305,1048576,plaintext_bit_flip,7,1572864,8388608,1,8388608,1.1920928955078125e-05,62,128,48.4375
ChaCha20-Poly1305,1048576,plaintext_bit_flip,8,1835008,8388608,1,8388608,1.1920928955078125e-05,61,128,47.65625
ChaCha20-Poly1305,1048576,plaintext_bit_flip,9,2097152,8388608,1,8388608,1.1920928955078125e-05,61,128,47.65625
ChaCha20-Poly1305,1048576,plaintext_bit_flip,10,2359296,8388608,1,8388608,1.1920928955078125e-05,55,128,42.96875
ChaCha20-Poly1305,1048576,plaintext_bit_flip,11,2621440,8388608,1,8388608,1.1920928955078125e-05,67,128,52.34375
ChaCha20-Poly1305,1048576,plaintext_bit_flip,12,2883584,8388608,1,8388608,1.1920928955078125e-05,76,128,59.375
ChaCha20-Poly1305,1048576,plaintext_bit_flip,13,3145728,8388608,1,8388608,1.1920928955078125e-05,70,128,54.6875
ChaCha20-Poly1305,1048576,plaintext_bit_flip,14,3407872,8388608,1,8388608,1.1920928955078125e-05,59,128,46.09375
ChaCha20-Poly1305,1048576,plaintext_bit_flip,15,3670016,8388608,1,8388608,1.1920928955078125e-05,60,128,46.875
ChaCha20-Poly1305,1048576,plaintext_bit_flip,16,3932160,8388608,1,8388608,1.1920928955078125e-05,52,128,40.625
ChaCha20-Poly1305,1048576,plaintext_bit_flip,17,4194304,8388608,1,8388608,1.1920928955078125e-05,69,128,53.90625
ChaCha20-Poly1305,1048576,plaintext_bit_flip,18,4456448,8388608,1,8388608,1.1920928955078125e-05,74,128,57.8125
ChaCha20-Poly1305,1048576,plaintext_bit_flip,19,4718592,8388608,1,8388608,1.1920928955078125e-05,60,128,46.875
ChaCha20-Poly1305,1048576,plaintext_bit_flip,20,4980736,8388608,1,8388608,1.1920928955078125e-05,60,128,46.875
ChaCha20-Poly1305,1048576,plaintext_bit_flip,21,5242880,8388608,1,8388608,1.1920928955078125e-05,72,128,56.25
ChaCha20-Poly1305,1048576,plaintext_bit_flip,22,5505024,8388608,1,8388608,1.1920928955078125e-05,66,128,51.5625
ChaCha20-Poly1305,1048576,plaintext_bit_flip,23,5767168,8388608,1,8388608,1.1920928955078125e-05,62,128,48.4375
ChaCha20-Poly1305,1048576,plaintext_bit_flip,24,6029312,8388608,1,8388608,1.1920928955078125e-05,63,128,49.21875
ChaCha20-Poly1305,1048576,plaintext_bit_flip,25,6291456,8388608,1,8388608,1.1920928955078125e-05,69,128,53.90625
ChaCha20-Poly1305,1048576,plaintext_bit_flip,26,6553600,8388608,1,8388608,1.1920928955078125e-05,63,128,49.21875
ChaCha20-Poly1305,1048576,plaintext_bit_flip,27,6815744,8388608,1,8388608,1.1920928955078125e-05,64,128,50.0
ChaCha20-Poly1305,1048576,plaintext_bit_flip,28,7077888,8388608,1,8388608,1.1920928955078125e-05,66,128,51.5625
ChaCha20-Poly1305,1048576,plaintext_bit_flip,29,7340032,8388608,1,8388608,1.1920928955078125e-05,64,128,50.0
ChaCha20-Poly1305,1048576,plaintext_bit_flip,30,7602176,8388608,1,8388608,1.1920928955078125e-05,70,128,54.6875
ChaCha20-Poly1305,1048576,plaintext_bit_flip,31,7864320,8388608,1,8388608,1.1920928955078125e-05,63,128,49.21875
ChaCha20-Poly1305,1048576,plaintext_bit_flip,32,8126464,8388608,1,8388608,1.1920928955078125e-05,68,128,53.125
ChaCha20-Poly1305,1048576,key_bit_flip,1,0,256,4194360,8388608,50.000667572021484,71,128,55.46875
ChaCha20-Poly1305,1048576,key_bit_flip,2,8,256,4191821,8388608,49.97040033340454,63,128,49.21875
ChaCha20-Poly1305,1048576,key_bit_flip,3,16,256,4194641,8388608,50.00401735305786,66,128,51.5625
ChaCha20-Poly1305,1048576,key_bit_flip,4,24,256,4193421,8388608,49.989473819732666,61,128,47.65625
ChaCha20-Poly1305,1048576,key_bit_flip,5,32,256,4189812,8388608,49.94645118713379,72,128,56.25
ChaCha20-Poly1305,1048576,key_bit_flip,6,40,256,4193779,8388608,49.993741512298584,59,128,46.09375
ChaCha20-Poly1305,1048576,key_bit_flip,7,48,256,4195424,8388608,50.01335144042969,44,128,34.375
ChaCha20-Poly1305,1048576,key_bit_flip,8,56,256,4194012,8388608,49.99651908874512,60,128,46.875
ChaCha20-Poly1305,1048576,key_bit_flip,9,64,256,4192890,8388608,49.98314380645752,70,128,54.6875
ChaCha20-Poly1305,1048576,key_bit_flip,10,72,256,4193222,8388608,49.987101554870605,57,128,44.53125
ChaCha20-Poly1305,1048576,key_bit_flip,11,80,256,4195377,8388608,50.0127911567688,70,128,54.6875
ChaCha20-Poly1305,1048576,key_bit_flip,12,88,256,4193332,8388608,49.988412857055664,60,128,46.875
ChaCha20-Poly1305,1048576,key_bit_flip,13,96,256,4193608,8388608,49.991703033447266,70,128,54.6875
ChaCha20-Poly1305,1048576,key_bit_flip,14,104,256,4194086,8388608,49.99740123748779,58,128,45.3125
ChaCha20-Poly1305,1048576,key_bit_flip,15,112,256,4193819,8388608,49.99421834945679,66,128,51.5625
ChaCha20-Poly1305,1048576,key_bit_flip,16,120,256,4193955,8388608,49.99583959579468,68,128,53.125
ChaCha20-Poly1305,1048576,key_bit_flip,17,128,256,4195197,8388608,50.010645389556885,65,128,50.78125
ChaCha20-Poly1305,1048576,key_bit_flip,18,136,256,4195884,8388608,50.01883506774902,62,128,48.4375
ChaCha20-Poly1305,1048576,key_bit_flip,19,144,256,4196102,8388608,50.02143383026123,64,128,50.0
ChaCha20-Poly1305,1048576,key_bit_flip,20,152,256,4194351,8388608,50.00056028366089,65,128,50.78125
ChaCha20-Poly1305,1048576,key_bit_flip,21,160,256,4194720,8388608,50.00495910644531,68,128,53.125
ChaCha20-Poly1305,1048576,key_bit_flip,22,168,256,4194328,8388608,50.00028610229492,64,128,50.0
ChaCha20-Poly1305,1048576,key_bit_flip,23,176,256,4193883,8388608,49.99498128890991,66,128,51.5625
ChaCha20-Poly1305,1048576,key_bit_flip,24,184,256,4195277,8388608,50.01159906387329,65,128,50.78125
ChaCha20-Poly1305,1048576,key_bit_flip,25,192,256,4194565,8388608,50.003111362457275,64,128,50.0
ChaCha20-Poly1305,1048576,key_bit_flip,26,200,256,4194895,8388608,50.00704526901245,63,128,49.21875
ChaCha20-Poly1305,1048576,key_bit_flip,27,208,256,4193841,8388608,49.9944806098938,61,128,47.65625
ChaCha20-Poly1305,1048576,key_bit_flip,28,216,256,4196828,8388608,50.03008842468262,66,128,51.5625
ChaCha20-Poly1305,1048576,key_bit_flip,29,224,256,4193776,8388608,49.99370574951172,63,128,49.21875
ChaCha20-Poly1305,1048576,key_bit_flip,30,232,256,4194607,8388608,50.00361204147339,70,128,54.6875
ChaCha20-Poly1305,1048576,key_bit_flip,31,240,256,4192187,8388608,49.9747633934021,59,128,46.09375
ChaCha20-Poly1305,1048576,key_bit_flip,32,248,256,4194303,8388608,49.999988079071045,69,128,53.90625
